,name,total,JavaScript_used%,TypeScript_used%,C#_used%,SQL_used%,C++_used%,Python_used%,HTML/CSS_used%,Java_used%,MATLAB_used%,Bash/Shell_used%,Kotlin_used%,Rust_used%,Delphi_used%,LISP_used%,Scala_used%,Go_used%,Groovy_used%,Ruby_used%,Assembly_used%,Lua_used%,C_used%,Perl_used%,PowerShell_used%,R_used%,VBA_used%,Objective-C_used%,PHP_used%,Haskell_used%,Clojure_used%,nan_used%,OCaml_used%,Dart_used%,Fortran_used%,Julia_used%,Elixir_used%,Erlang_used%,F#_used%,Swift_used%,Solidity_used%,Crystal_used%,COBOL_used%,SAS_used%,APL_used%,Rust_wanted%,TypeScript_wanted%,C#_wanted%,SQL_wanted%,Python_wanted%,Bash/Shell_wanted%,Go_wanted%,HTML/CSS_wanted%,JavaScript_wanted%,Kotlin_wanted%,Clojure_wanted%,LISP_wanted%,Scala_wanted%,Lua_wanted%,C++_wanted%,Assembly_wanted%,C_wanted%,Swift_wanted%,Elixir_wanted%,Julia_wanted%,Java_wanted%,VBA_wanted%,Objective-C_wanted%,PHP_wanted%,nan_wanted%,APL_wanted%,COBOL_wanted%,Dart_wanted%,Fortran_wanted%,OCaml_wanted%,Erlang_wanted%,F#_wanted%,Haskell_wanted%,PowerShell_wanted%,Solidity_wanted%,Ruby_wanted%,Groovy_wanted%,Crystal_wanted%,MATLAB_wanted%,R_wanted%,Delphi_wanted%,Perl_wanted%,SAS_wanted%
0,Canada,2490,65.7,37.59,29.52,48.59,21.97,51.08,52.61,29.88,3.45,35.54,6.55,11.69,2.25,1.89,2.65,13.94,2.97,8.76,5.78,5.02,19.84,2.93,14.02,4.9,4.58,2.97,16.91,2.45,1.77,1.16,0.88,3.82,1.12,1.77,2.85,0.96,1.0,5.7,1.41,0.88,0.84,0.48,0.28,29.04,36.02,23.53,33.49,40.16,21.04,21.97,32.97,41.16,10.64,2.77,2.41,3.29,3.69,17.15,5.42,11.89,6.87,5.74,3.45,15.34,1.12,0.84,8.23,7.79,0.4,0.48,5.1,0.72,1.12,1.85,3.05,4.78,6.35,2.49,6.59,1.2,0.88,1.29,4.06,1.77,1.41,0.32
1,United Kingdom of Great Britain and Northern Ireland,4190,64.8,35.08,32.84,49.88,18.59,49.69,55.92,25.61,2.36,33.89,7.59,11.07,2.6,1.43,2.77,11.86,4.01,6.52,4.7,4.61,14.87,2.98,16.4,4.22,5.18,2.32,17.26,3.03,1.93,0.6,0.67,3.82,0.86,1.53,1.77,1.17,1.5,5.06,0.91,0.38,0.31,0.41,0.74,26.54,34.89,27.33,32.82,38.04,19.43,19.83,35.49,40.43,10.41,3.17,1.84,3.41,3.13,16.49,4.32,10.43,6.85,3.91,2.82,13.89,1.34,0.95,8.14,7.33,0.86,0.24,5.23,0.53,1.29,1.65,3.63,4.58,8.38,2.03,5.01,1.19,0.72,0.81,3.51,1.84,1.29,0.17
2,Israel,795,57.86,34.59,28.43,39.12,23.65,56.98,41.64,30.31,4.4,31.7,7.67,7.55,1.38,0.38,4.03,10.57,5.66,5.53,8.43,2.89,20.25,1.26,11.7,2.39,2.14,2.64,9.69,0.75,1.13,0.63,0.13,5.79,0.38,0.88,1.13,0.38,0.38,4.03,1.26,0.13,0.25,0.0,0.25,23.02,33.96,21.13,24.65,49.43,19.12,21.64,26.79,39.75,13.21,2.89,1.13,4.78,2.26,19.62,5.28,13.96,5.66,1.76,2.52,15.85,0.88,0.88,4.53,7.67,0.25,0.38,6.42,0.25,0.5,1.38,2.14,4.28,6.04,2.39,3.9,2.26,0.5,2.01,2.77,1.01,1.26,0.25
3,United States of America,13543,66.59,35.58,30.01,51.5,22.15,51.81,54.41,30.07,3.49,38.93,7.51,12.49,2.02,2.05,2.94,14.15,4.22,9.35,5.67,5.34,17.68,3.68,16.33,5.13,4.35,2.87,14.18,2.14,2.35,0.7,0.69,3.38,1.26,1.93,3.06,1.22,1.47,5.97,1.28,0.74,0.82,0.72,0.64,28.51,35.18,23.9,34.5,41.76,23.37,21.96,34.45,41.46,10.76,3.77,2.81,3.52,4.55,17.06,5.15,12.07,8.3,5.97,4.03,15.68,1.31,1.47,6.71,6.93,0.88,0.55,4.99,0.92,1.62,2.01,3.85,5.16,8.14,2.23,7.1,1.66,1.05,1.47,4.9,1.54,1.96,0.55
4,Germany,5395,60.24,37.2,27.3,47.08,25.23,49.56,52.57,41.22,3.82,35.68,12.97,14.03,4.6,1.45,2.98,12.53,4.78,5.67,6.77,5.13,21.78,2.84,13.05,4.73,5.1,1.72,20.83,3.43,1.46,0.41,0.59,6.25,0.87,2.17,2.08,0.72,0.87,4.93,0.82,0.28,0.67,0.28,0.33,27.73,35.77,21.13,33.46,41.0,22.65,18.96,35.87,37.89,15.24,2.52,1.67,2.85,3.95,18.52,4.8,12.31,5.65,3.78,3.73,21.45,1.0,0.7,9.84,5.28,0.41,0.35,6.9,0.43,0.7,1.59,2.08,4.6,6.45,1.54,3.84,1.93,0.48,1.04,3.11,3.19,1.17,0.13
5,India,6639,63.34,26.25,15.85,42.24,26.1,46.41,55.69,37.67,4.11,14.25,8.44,3.84,0.32,0.51,1.81,8.01,2.05,3.43,3.07,1.58,24.75,1.3,6.46,3.62,2.52,2.49,19.01,0.87,0.54,2.2,0.18,9.59,0.42,0.96,0.74,0.35,0.2,4.11,2.03,0.24,0.47,0.47,0.69,16.46,34.79,12.53,32.01,46.6,11.51,25.2,35.98,50.96,14.43,1.51,1.1,3.8,1.93,17.34,3.37,10.23,7.65,2.83,2.5,26.13,1.28,1.88,9.72,7.89,1.08,0.56,13.36,0.74,0.71,1.57,1.1,2.67,5.5,7.65,5.21,1.58,0.53,2.52,5.59,0.53,1.24,0.89
6,Netherlands,1555,65.08,40.26,33.25,52.03,19.74,45.92,55.56,30.87,3.47,29.07,10.16,12.86,5.98,0.84,3.02,12.41,2.7,5.34,5.47,5.27,15.56,2.06,13.05,5.27,4.12,1.8,25.59,3.99,1.41,0.51,0.19,4.82,0.96,1.86,2.25,1.22,1.16,4.82,1.35,0.26,0.51,0.58,0.39,26.82,38.46,27.27,36.27,36.78,18.84,18.65,37.68,41.8,12.93,2.06,1.09,2.77,3.92,16.01,4.12,9.52,5.59,4.5,3.15,16.46,1.61,0.96,12.09,4.37,0.64,0.64,5.66,0.39,0.58,1.74,3.28,4.82,6.88,1.86,4.69,0.9,0.32,1.09,2.83,4.95,1.22,0.26
7,Croatia,192,63.54,37.5,34.9,48.44,25.0,37.5,55.21,36.98,3.65,23.96,13.02,8.33,5.21,1.04,2.6,8.33,3.12,3.12,6.77,1.56,25.0,1.04,6.77,6.77,6.25,1.56,16.67,0.52,1.04,0.0,0.52,7.29,1.56,1.04,3.65,1.04,0.52,6.25,1.56,0.52,1.56,1.04,1.04,22.92,36.46,26.04,36.46,31.77,14.58,11.98,34.38,43.75,15.62,2.6,2.08,2.08,2.08,16.15,5.73,11.46,6.77,5.21,1.56,19.27,0.52,0.52,8.85,3.12,1.04,0.52,6.25,2.6,1.04,2.08,3.65,4.17,4.17,2.6,4.17,0.52,0.0,1.56,3.12,3.65,0.52,0.0
8,Australia,1462,66.96,37.96,33.58,49.52,18.95,48.22,55.75,23.26,3.42,34.54,6.02,12.45,5.47,1.03,1.44,11.29,2.53,6.7,4.45,4.65,17.03,2.46,16.89,5.27,6.22,2.39,17.92,2.8,1.57,0.82,0.48,4.45,0.55,2.12,2.33,0.68,1.37,5.47,1.44,0.75,0.21,0.62,0.21,27.7,37.0,27.29,32.83,36.66,20.18,18.67,36.25,42.41,8.28,2.46,1.78,1.57,3.01,16.76,5.47,12.18,6.63,4.1,3.35,11.35,1.92,0.96,9.3,7.11,0.41,0.21,5.68,0.55,1.03,1.71,3.69,4.86,9.3,2.05,4.99,0.82,0.55,0.96,4.1,4.17,1.09,0.14
9,Russian Federation,1229,50.69,23.84,28.97,46.7,27.01,48.01,41.66,25.96,3.01,28.8,11.8,7.81,5.53,1.38,2.36,12.94,3.5,3.25,7.16,6.43,16.6,2.12,9.44,2.28,4.56,1.95,15.3,2.77,0.9,1.14,0.24,3.91,1.3,1.06,1.06,0.57,1.06,4.31,1.14,0.16,0.16,0.08,0.9,21.48,25.71,23.35,35.15,38.0,17.41,23.27,27.01,33.03,17.49,3.42,1.87,4.56,4.56,19.77,4.72,12.21,5.78,3.17,2.12,16.84,1.14,0.81,7.49,3.99,0.73,0.24,6.18,0.57,1.14,1.55,3.01,6.59,5.7,2.28,3.5,1.63,0.57,1.06,2.2,3.5,0.98,0.08
10,Czech Republic,692,59.54,34.97,34.25,50.29,25.29,46.97,54.19,30.64,3.32,32.95,10.55,10.26,4.05,1.88,2.75,8.38,4.34,5.64,4.91,5.06,20.52,3.03,13.29,4.91,3.32,2.17,27.17,3.9,2.02,0.58,0.14,5.49,0.29,1.45,1.45,0.87,1.59,3.9,0.58,0.29,0.29,0.29,0.29,22.4,35.84,27.02,36.27,37.72,21.24,12.86,39.45,40.9,13.44,2.02,1.45,2.89,3.76,17.49,3.18,12.72,5.92,3.32,2.75,17.2,0.58,0.72,13.29,5.49,0.58,0.14,5.35,0.58,1.01,1.45,3.76,4.62,6.79,2.17,4.34,1.16,0.0,0.43,3.61,2.6,1.3,0.43
11,Austria,833,63.75,40.1,32.53,52.7,26.17,46.22,55.82,44.18,4.92,35.17,14.05,11.4,2.64,1.56,2.4,9.84,5.4,2.88,5.52,4.56,21.97,2.28,16.09,8.4,5.28,1.8,24.61,2.16,0.96,0.12,0.48,7.2,1.92,1.68,1.92,0.48,1.56,4.2,0.96,0.0,0.72,0.24,0.24,25.09,38.54,24.49,35.65,35.05,21.37,14.05,37.7,40.58,18.01,2.64,1.8,1.92,3.24,16.57,3.6,11.04,5.28,4.08,4.56,25.09,1.44,0.84,12.0,7.44,0.48,0.12,7.32,0.12,0.72,1.2,2.64,4.2,8.04,1.56,1.44,2.04,0.24,1.32,5.52,1.68,1.68,0.24
12,Serbia,282,64.18,39.36,30.14,50.0,20.57,35.46,53.9,34.75,3.9,24.82,6.03,6.03,3.9,0.0,1.06,12.41,2.13,4.26,4.96,1.06,17.73,0.0,9.22,2.48,5.32,3.19,25.18,1.42,1.42,0.35,0.35,7.09,0.71,0.71,2.84,0.0,0.71,6.38,1.06,0.0,0.35,0.71,0.0,18.79,38.3,23.4,34.04,32.62,15.6,24.11,32.98,42.91,10.64,2.84,0.35,2.13,2.48,13.83,2.84,10.28,6.38,6.03,2.13,23.05,1.42,2.13,11.35,6.74,0.0,0.0,6.38,0.0,0.35,1.42,1.77,3.9,6.03,5.32,3.55,0.35,0.0,1.06,1.06,1.77,0.35,0.35
13,Italy,1514,62.68,31.97,29.85,56.87,26.82,46.17,53.04,39.43,8.52,29.79,7.93,6.08,8.12,1.52,2.64,9.11,2.71,3.7,9.25,3.7,26.62,2.91,11.49,4.89,8.65,3.76,29.92,2.31,0.26,0.86,0.53,8.32,1.72,1.25,1.65,0.73,1.06,4.95,1.78,0.4,1.59,0.92,0.33,23.78,34.48,23.91,41.15,43.46,20.61,22.39,35.87,45.64,12.42,1.19,1.65,4.89,2.77,18.76,3.63,11.76,6.61,3.96,2.51,22.52,2.11,0.79,13.41,5.55,0.33,0.4,10.24,0.46,0.79,1.59,2.18,3.9,6.34,3.57,3.96,1.65,0.46,2.05,3.43,6.01,1.45,0.73
14,Ireland,332,65.36,34.94,30.12,48.8,14.16,52.41,53.31,37.65,2.11,36.75,8.73,9.04,1.81,1.51,4.52,13.55,6.63,6.93,4.22,3.01,14.16,3.01,13.86,5.12,5.12,3.01,12.95,4.22,3.61,0.3,0.6,2.41,0.3,0.0,2.41,0.6,0.0,3.92,1.2,0.3,0.3,0.3,0.0,23.19,30.42,23.19,31.93,39.46,24.4,20.48,30.12,40.06,11.75,2.71,1.81,4.82,1.81,10.54,4.22,10.24,6.33,3.31,1.2,19.28,1.51,0.9,6.63,8.13,0.3,0.3,3.92,0.6,0.9,1.2,1.81,2.71,8.13,2.71,5.12,1.2,0.9,0.0,4.52,0.6,1.81,0.3
15,Poland,1732,60.68,36.55,30.31,47.52,26.56,46.77,48.67,29.5,3.46,30.66,11.49,9.06,3.18,1.5,4.16,9.47,5.66,6.18,6.76,4.1,17.61,1.96,10.39,3.93,3.52,1.91,18.94,2.37,1.5,0.58,0.75,4.5,0.64,0.87,3.41,1.5,1.33,3.41,0.75,0.46,0.35,0.4,0.23,24.36,36.89,24.13,34.76,37.59,19.75,17.84,32.51,40.88,13.22,2.19,1.62,5.08,3.06,17.9,4.21,10.16,4.33,5.6,2.14,16.34,0.58,0.64,8.89,4.1,0.69,0.29,5.6,0.35,0.35,2.14,2.6,3.41,6.06,1.85,4.56,2.48,0.64,0.69,2.14,2.14,0.92,0.17
16,Slovenia,286,69.93,43.01,31.12,58.74,22.03,48.25,55.24,42.66,5.24,27.97,14.34,9.44,4.55,0.7,1.4,13.64,2.45,2.8,4.2,2.45,18.53,1.4,12.24,6.99,1.4,4.2,29.72,0.7,0.0,1.05,1.05,6.99,0.35,1.4,0.0,0.35,0.0,4.55,2.45,0.35,0.35,1.05,0.7,17.13,41.61,23.08,40.21,37.76,14.34,24.13,34.62,41.96,18.18,0.7,0.35,0.7,2.1,16.08,3.5,9.79,5.59,1.05,2.45,20.63,1.4,0.7,15.73,9.79,0.7,0.35,7.69,0.0,0.0,0.35,1.05,1.05,6.29,4.55,4.2,1.05,0.0,0.7,2.1,3.5,0.7,0.0
17,Iraq,54,53.7,20.37,22.22,40.74,22.22,42.59,51.85,22.22,7.41,11.11,3.7,3.7,1.85,1.85,0.0,12.96,0.0,3.7,9.26,1.85,11.11,0.0,7.41,0.0,5.56,1.85,25.93,1.85,0.0,5.56,1.85,11.11,0.0,5.56,1.85,0.0,1.85,5.56,0.0,0.0,0.0,0.0,3.7,12.96,24.07,14.81,33.33,31.48,7.41,27.78,29.63,31.48,11.11,1.85,1.85,1.85,1.85,11.11,3.7,5.56,5.56,1.85,5.56,5.56,1.85,1.85,16.67,16.67,0.0,0.0,25.93,0.0,0.0,0.0,1.85,3.7,1.85,1.85,3.7,0.0,0.0,1.85,0.0,1.85,1.85,0.0
18,Sweden,1020,59.9,39.9,35.69,47.75,18.43,45.69,52.65,31.18,4.8,34.61,8.92,12.65,2.84,1.76,2.06,11.47,4.22,3.92,6.76,4.51,16.57,3.33,14.9,3.73,3.24,2.25,15.78,4.02,1.67,0.49,0.1,3.82,0.69,1.96,2.65,2.25,1.18,5.0,0.39,0.0,0.98,0.39,0.1,30.29,37.25,29.12,30.88,34.22,19.12,19.41,31.96,35.29,13.63,3.92,2.45,2.75,4.02,14.41,4.02,10.88,6.18,6.18,4.9,15.29,0.78,0.49,5.98,5.98,0.29,0.2,5.1,0.29,0.78,3.04,4.61,7.16,7.16,0.69,3.73,0.98,0.2,1.18,3.82,2.35,1.86,0.2
19,Madagascar,26,65.38,38.46,7.69,42.31,15.38,38.46,53.85,30.77,0.0,7.69,0.0,3.85,3.85,0.0,3.85,7.69,0.0,0.0,3.85,0.0,11.54,0.0,0.0,3.85,0.0,0.0,30.77,0.0,0.0,7.69,0.0,0.0,0.0,0.0,3.85,0.0,0.0,0.0,3.85,0.0,0.0,0.0,0.0,15.38,30.77,0.0,42.31,53.85,7.69,7.69,38.46,53.85,11.54,0.0,0.0,3.85,3.85,11.54,7.69,7.69,3.85,3.85,0.0,15.38,0.0,0.0,26.92,11.54,3.85,0.0,15.38,0.0,0.0,0.0,0.0,0.0,0.0,3.85,0.0,0.0,0.0,0.0,7.69,3.85,0.0,0.0
20,Norway,479,60.33,40.92,34.24,48.23,15.87,46.56,54.91,28.18,1.88,34.86,15.24,14.61,5.01,1.25,2.92,13.15,3.76,2.3,4.18,4.18,13.99,1.67,18.58,3.13,2.51,0.84,12.94,3.34,2.71,0.84,0.42,5.22,0.84,1.67,1.67,1.04,1.88,2.71,0.0,0.0,0.63,0.42,1.04,29.44,38.0,27.14,35.28,35.49,22.13,17.12,30.69,34.45,16.7,5.22,1.67,2.71,2.3,12.53,3.97,9.81,3.76,4.38,3.55,12.73,0.63,0.0,5.01,6.47,2.09,0.42,6.89,0.84,1.25,1.04,6.47,7.31,7.52,1.04,2.3,1.25,0.21,0.63,2.3,4.38,1.25,0.21
21,Taiwan,233,67.81,30.47,21.89,38.63,27.47,56.65,53.22,25.75,5.15,24.46,7.3,8.15,3.0,0.86,0.86,12.45,0.86,4.29,5.15,5.58,21.03,1.72,9.44,5.15,5.15,3.86,22.75,1.29,0.86,3.0,1.29,6.87,1.29,1.72,2.15,1.29,0.43,6.01,1.72,1.29,0.43,1.72,0.86,21.03,34.76,17.6,32.19,39.91,17.17,27.04,36.48,46.78,15.02,1.72,1.29,0.86,3.86,24.03,5.15,16.74,8.58,4.72,4.29,18.45,0.86,3.0,14.59,7.73,0.86,0.43,10.73,0.43,0.43,1.29,1.72,3.86,7.3,2.58,5.15,0.43,1.29,2.58,4.29,2.15,1.29,0.86
22,Hong Kong (S.A.R.),184,72.28,37.5,18.48,48.37,18.48,52.17,60.87,35.87,4.35,28.8,11.41,10.33,3.26,2.17,1.09,10.33,1.63,2.72,5.98,6.52,14.67,2.17,11.96,5.43,9.24,3.8,22.28,0.54,0.0,3.8,1.09,6.52,0.54,2.17,1.09,0.54,1.09,7.61,2.17,1.09,0.54,1.63,0.54,23.91,42.93,17.93,33.15,48.91,21.2,22.83,44.02,51.63,17.39,1.63,1.63,2.72,6.52,14.67,2.72,9.78,9.24,4.35,3.26,28.26,3.8,3.8,10.87,5.43,1.09,1.09,12.5,1.63,1.63,1.63,2.72,3.26,5.98,7.07,6.52,1.09,1.63,2.17,4.35,3.26,2.17,1.09
23,Mexico,574,69.51,30.49,30.14,56.97,17.25,42.86,59.06,29.97,5.4,19.69,8.89,4.88,5.92,2.09,3.31,8.19,2.44,8.01,4.18,1.57,14.46,2.09,9.41,8.01,6.62,2.79,27.53,3.31,2.61,2.26,0.87,7.14,1.05,1.74,2.79,1.05,1.39,5.23,1.74,1.39,1.74,1.57,1.39,20.21,38.5,24.22,41.81,49.83,15.85,27.53,39.72,52.26,17.25,3.83,2.61,5.92,3.14,13.59,3.66,9.06,9.93,6.45,3.14,18.99,2.44,2.96,15.33,6.79,1.39,2.26,13.41,1.05,1.22,1.74,2.61,4.7,6.79,4.18,8.71,2.09,1.39,1.39,7.32,4.53,1.92,1.22
24,France,2328,66.11,38.62,22.34,50.39,26.37,51.72,57.13,36.6,4.68,36.51,8.12,12.03,3.26,1.63,3.99,10.95,3.18,5.58,8.12,4.38,26.98,2.36,10.52,6.31,5.97,2.36,29.42,3.01,0.95,0.6,3.14,5.76,1.37,2.02,2.19,0.86,0.86,4.51,1.2,0.26,0.9,0.6,0.34,28.99,38.32,15.64,33.98,41.32,21.65,18.47,36.73,43.04,10.95,1.46,1.59,3.69,3.01,18.3,4.81,14.22,5.33,4.08,3.91,18.38,1.12,0.9,12.5,4.55,0.34,0.3,6.74,0.6,2.45,1.25,2.32,4.81,5.15,3.22,4.68,1.12,0.6,0.82,3.18,2.02,0.9,0.39
25,Brazil,2109,66.1,37.17,21.91,50.92,13.42,41.39,52.25,30.06,2.7,23.85,8.06,5.5,8.72,0.76,2.04,10.43,2.32,8.68,3.6,3.56,16.03,0.71,7.54,5.22,3.79,1.47,20.63,1.28,3.32,1.42,0.33,8.63,0.71,1.99,4.13,1.14,0.9,2.99,1.14,0.24,1.04,0.81,0.52,23.33,40.83,19.58,40.54,39.02,16.31,23.61,35.89,48.51,12.71,6.83,1.52,3.79,4.36,11.57,3.41,9.34,5.03,12.61,3.65,16.93,0.95,0.47,10.38,5.26,0.76,0.43,11.0,0.43,1.38,2.18,2.8,3.79,4.74,2.61,6.83,1.09,0.71,0.81,4.65,4.74,0.52,0.66
26,Lithuania,212,59.91,36.79,36.79,43.87,17.92,29.72,50.47,26.89,2.83,21.7,8.49,6.6,1.89,1.42,3.77,7.08,3.77,8.02,4.72,2.83,15.57,2.36,11.79,3.77,2.83,0.94,15.57,2.83,1.42,0.0,0.47,2.83,0.94,1.42,0.94,0.94,0.0,3.3,0.94,0.94,0.0,0.47,0.47,19.34,39.62,35.38,33.96,28.3,14.15,22.17,29.72,40.57,13.21,4.25,1.89,3.77,3.3,12.74,3.3,11.79,3.3,3.77,2.36,16.98,0.47,0.47,8.49,3.3,0.47,0.47,4.72,0.94,0.47,3.77,2.36,5.66,7.08,0.94,6.13,0.94,0.47,1.89,4.25,0.94,0.94,0.0
27,Uruguay,106,63.21,32.08,22.64,64.15,11.32,40.57,57.55,34.91,0.94,23.58,6.6,1.89,1.89,0.0,3.77,11.32,3.77,16.98,0.0,2.83,7.55,1.89,3.77,4.72,3.77,1.89,16.04,2.83,2.83,0.0,0.0,4.72,0.0,0.0,3.77,0.0,0.0,3.77,2.83,0.0,1.89,0.0,0.0,19.81,41.51,21.7,43.4,42.45,14.15,13.21,33.96,47.17,8.49,3.77,0.94,2.83,4.72,9.43,0.94,3.77,5.66,6.6,2.83,23.58,0.94,1.89,9.43,4.72,0.0,0.94,4.72,0.0,0.94,0.94,0.94,4.72,1.89,6.6,17.92,0.0,0.0,0.0,3.77,0.94,0.94,0.0
28,Denmark,547,61.97,41.13,42.23,50.64,17.92,41.32,54.48,20.84,4.39,29.43,5.48,14.63,4.39,0.91,2.38,5.85,2.19,5.12,5.48,5.3,14.99,2.38,19.56,6.22,5.3,1.83,14.44,3.29,1.83,0.37,0.91,3.11,0.37,3.11,3.29,1.1,4.39,3.84,0.73,0.0,0.37,0.55,1.83,26.69,37.84,32.91,32.54,30.71,16.27,12.25,35.83,35.47,9.69,2.93,1.46,2.56,3.84,12.8,3.66,8.96,5.67,5.85,5.48,10.24,1.28,0.73,8.78,6.03,1.83,0.0,5.48,0.0,1.1,1.28,6.58,5.67,10.6,1.28,4.2,0.73,0.18,0.73,3.66,3.47,1.1,0.55
29,Spain,1521,64.69,34.65,22.68,52.07,16.37,45.89,54.5,39.45,4.67,27.48,9.99,6.25,3.29,1.25,3.09,9.6,3.55,5.65,3.94,2.7,15.45,1.45,8.48,6.18,5.13,2.24,25.44,2.24,1.05,0.85,0.26,4.4,1.05,0.79,2.76,0.79,0.46,5.59,0.92,0.26,0.53,0.39,0.26,19.99,35.63,16.57,35.83,41.88,18.61,19.79,35.96,44.71,14.92,1.84,0.92,3.62,2.17,13.35,2.3,8.48,6.71,5.59,2.5,20.58,0.59,0.66,12.23,6.38,0.2,0.2,6.38,0.2,0.59,1.51,1.38,3.09,4.87,3.55,4.4,0.79,0.46,0.92,3.22,2.43,0.79,0.13
30,Egypt,400,62.5,29.0,28.25,46.5,32.75,38.0,54.25,28.5,6.25,12.0,7.75,2.5,0.75,0.5,1.0,5.0,1.5,4.25,6.5,1.75,17.0,1.0,7.0,4.75,3.5,1.75,24.25,0.5,0.75,3.75,0.5,17.5,0.0,0.75,1.25,0.75,1.0,4.0,1.25,1.25,0.75,1.75,2.0,14.25,37.25,19.5,36.25,42.5,11.25,19.75,36.75,49.75,10.75,1.25,1.75,2.0,2.75,18.75,5.0,10.25,6.5,3.75,3.25,18.0,2.25,2.0,15.5,10.0,2.5,0.75,15.75,1.75,1.5,2.0,2.0,1.5,7.25,3.0,6.75,1.5,1.25,2.0,4.5,1.5,1.25,1.75
31,Turkey,1020,64.41,29.61,40.2,49.71,22.75,45.1,51.76,35.0,7.45,15.29,8.63,5.39,7.65,0.69,1.67,11.47,1.57,3.14,5.98,3.14,21.76,0.78,8.43,3.24,3.92,1.76,22.16,1.67,0.88,0.88,0.29,12.06,0.98,1.08,0.69,0.59,0.98,5.59,2.06,0.39,0.69,0.69,0.69,17.35,35.69,27.94,35.1,38.53,10.29,29.41,33.04,50.2,12.55,1.47,0.88,3.24,3.04,18.24,3.24,10.0,10.29,2.35,2.16,20.29,0.98,1.57,10.2,5.2,0.78,0.59,14.9,0.69,0.29,1.27,2.25,2.25,4.41,5.49,4.31,0.78,1.08,2.65,2.65,5.2,0.69,0.39
32,South Africa,493,67.55,32.25,35.9,58.22,12.98,40.57,58.01,26.98,1.83,23.73,8.52,4.67,10.75,0.2,0.81,5.48,2.23,4.46,3.65,1.62,9.13,1.42,12.98,3.65,7.71,2.03,21.91,1.42,1.62,1.62,0.2,8.52,0.41,0.81,1.42,0.41,1.62,4.06,0.61,0.41,1.42,1.01,1.83,16.43,33.27,27.99,38.74,40.37,14.6,15.82,34.28,43.41,9.13,2.64,1.22,2.43,1.22,11.56,3.85,9.33,6.9,2.03,2.43,16.43,3.65,1.83,11.76,10.95,1.83,0.41,9.74,0.61,0.61,1.22,3.85,2.64,7.51,2.43,4.87,1.62,0.41,1.62,6.29,6.9,1.01,0.61
33,Ukraine,593,57.84,31.87,23.95,41.32,21.42,37.77,45.7,25.63,2.7,23.44,9.44,7.42,5.23,0.84,3.2,9.61,3.54,7.42,4.05,4.05,14.5,2.19,6.75,2.36,2.02,2.87,18.72,1.69,1.52,1.18,0.34,6.58,0.51,0.34,1.52,0.67,1.18,4.72,1.35,0.51,0.17,0.34,1.18,20.24,32.55,16.69,29.51,32.21,15.85,18.38,27.82,37.77,11.13,2.36,1.52,4.89,4.38,13.49,3.37,8.6,6.58,4.38,1.01,16.36,0.51,1.35,8.77,5.4,1.18,0.34,6.75,0.51,0.84,2.19,2.53,3.88,4.22,2.36,5.23,1.52,0.51,0.51,2.19,2.19,0.84,0.34
34,Finland,468,66.24,44.66,27.78,50.64,20.51,55.56,56.84,31.41,3.63,36.11,9.62,15.38,2.14,1.71,3.21,8.97,2.14,5.13,5.13,4.7,17.74,2.35,11.97,4.91,2.35,1.28,16.24,2.99,4.27,0.0,0.0,4.06,0.85,0.0,2.78,1.5,2.35,2.78,0.64,0.0,0.0,0.85,0.21,31.41,42.95,21.37,34.4,39.53,23.93,20.73,36.32,38.89,11.97,7.69,2.99,4.27,2.78,16.45,4.7,13.46,4.06,5.98,1.5,16.24,1.28,0.21,6.41,4.49,0.43,0.21,5.98,0.64,0.85,2.56,4.06,6.84,5.77,1.71,5.56,0.64,0.21,0.85,2.35,1.28,1.28,0.43
35,Romania,581,64.89,37.01,31.15,46.13,28.06,37.87,49.23,34.25,6.71,23.24,9.98,6.2,2.41,1.89,3.61,8.26,2.41,3.44,6.37,6.02,18.76,2.07,9.98,3.1,3.96,2.58,18.93,3.44,1.89,0.52,0.52,5.85,0.69,0.86,1.2,0.69,0.34,4.13,1.38,0.17,0.34,0.52,0.52,17.9,37.52,23.92,35.8,37.01,17.73,18.59,37.35,46.47,10.33,1.89,1.89,3.79,3.1,16.87,3.79,10.84,6.02,2.93,2.41,21.69,1.89,1.38,9.98,6.88,0.69,0.0,7.23,0.34,0.52,1.55,2.41,4.3,5.16,3.96,4.13,1.38,0.52,1.38,3.1,2.41,1.55,0.52
36,Portugal,563,65.01,34.81,32.68,54.17,19.54,46.89,53.64,38.72,5.68,30.73,10.66,8.88,2.13,1.42,3.55,11.01,3.73,7.46,8.53,3.91,26.29,1.78,9.59,5.86,3.37,1.42,19.01,4.8,1.07,1.24,0.36,6.22,0.71,1.24,5.33,2.31,0.53,3.55,0.89,0.89,0.71,0.36,0.71,21.85,32.5,22.2,36.41,36.41,17.94,20.96,31.62,39.96,15.63,1.95,1.24,3.91,3.2,15.45,3.37,10.12,5.68,9.59,3.2,19.54,0.53,0.71,7.64,8.35,0.36,0.53,8.17,0.53,0.71,2.31,1.6,4.97,4.8,4.62,5.15,1.42,1.24,0.18,3.91,0.89,0.89,0.18
37,Singapore,226,65.93,36.28,20.35,39.38,26.99,65.49,46.9,39.38,3.54,29.2,10.18,7.96,0.44,1.33,3.54,13.27,4.42,3.54,5.75,3.54,16.81,2.65,7.96,3.54,6.64,1.33,13.72,2.65,1.77,0.44,0.44,8.85,0.0,2.65,0.88,0.0,1.77,6.19,2.65,0.44,0.44,0.0,0.44,27.88,33.63,17.26,27.43,51.77,18.58,29.65,29.65,46.46,14.16,1.33,0.44,4.42,3.54,21.68,2.65,10.18,7.96,2.65,3.54,22.12,3.1,1.33,6.64,7.96,0.0,0.0,12.83,0.44,0.88,2.21,2.21,3.1,5.31,4.87,5.31,3.54,0.88,0.88,7.08,0.0,0.88,0.44
38,Oman,13,69.23,38.46,46.15,38.46,53.85,69.23,53.85,53.85,7.69,7.69,15.38,0.0,0.0,0.0,0.0,7.69,0.0,7.69,7.69,0.0,53.85,0.0,7.69,7.69,0.0,0.0,46.15,0.0,0.0,0.0,0.0,7.69,0.0,0.0,0.0,0.0,0.0,7.69,0.0,0.0,0.0,0.0,0.0,23.08,38.46,30.77,30.77,61.54,7.69,15.38,30.77,69.23,23.08,0.0,0.0,0.0,0.0,15.38,7.69,30.77,15.38,0.0,0.0,38.46,0.0,0.0,23.08,7.69,0.0,0.0,23.08,0.0,0.0,0.0,0.0,0.0,7.69,0.0,15.38,0.0,0.0,0.0,0.0,0.0,0.0,0.0
39,Belgium,626,70.13,38.98,33.07,57.51,22.04,49.36,61.02,40.1,5.91,34.35,9.74,8.31,3.83,1.76,3.35,7.83,5.11,4.31,7.83,4.31,20.29,1.92,18.05,4.79,4.95,1.6,25.4,1.6,0.96,0.96,0.48,7.51,1.12,1.44,2.56,0.8,1.28,4.15,2.24,0.48,1.76,0.8,0.64,21.25,37.06,25.56,40.1,40.42,22.84,14.7,40.1,42.65,13.26,1.76,1.12,2.88,3.83,17.25,4.95,11.66,6.71,5.43,2.72,22.68,1.44,0.8,11.18,6.87,0.64,0.64,8.63,0.32,0.8,1.28,2.24,4.15,8.79,2.4,4.31,2.56,0.96,2.08,2.88,2.88,0.64,0.16
40,Chile,203,68.97,37.44,20.69,49.26,12.81,48.77,56.65,31.03,2.46,26.11,10.84,5.91,1.48,0.99,3.45,9.36,1.48,10.34,3.45,4.93,15.27,1.97,6.4,6.4,3.45,2.46,24.63,1.97,1.48,0.99,0.49,7.88,0.0,0.99,2.46,0.49,0.0,6.4,1.48,0.0,0.49,0.49,0.99,25.12,41.38,18.72,29.56,44.83,14.78,30.54,33.99,48.77,17.73,3.45,0.49,2.96,3.45,15.76,2.46,9.36,10.84,6.9,2.96,17.73,0.99,0.99,8.87,8.37,0.49,0.0,10.84,0.0,0.0,1.48,0.99,3.45,4.43,5.42,9.36,1.48,0.0,2.46,2.96,1.97,0.99,0.49
41,Bulgaria,364,68.96,38.46,39.01,50.27,21.43,34.62,52.47,28.57,0.55,23.35,8.24,3.85,4.4,0.55,1.1,7.69,2.2,3.57,3.85,3.3,14.56,2.2,12.36,1.37,2.47,1.37,20.6,1.37,0.27,0.82,0.0,3.85,0.0,0.27,1.37,0.55,1.92,3.57,2.47,0.0,0.55,0.0,0.0,14.84,40.66,28.57,37.64,34.07,14.84,20.6,33.52,48.63,10.71,3.02,1.37,2.75,3.02,15.66,3.57,9.07,4.12,3.57,0.82,15.11,0.82,0.55,10.44,6.04,0.0,0.27,6.59,0.0,0.0,1.37,3.85,3.02,8.79,3.57,2.47,1.1,0.27,0.0,1.92,2.75,1.65,0.0
42,Latvia,95,56.84,37.89,36.84,51.58,21.05,43.16,60.0,32.63,3.16,22.11,7.37,10.53,1.05,0.0,2.11,10.53,2.11,6.32,6.32,7.37,14.74,3.16,15.79,5.26,2.11,0.0,23.16,1.05,0.0,0.0,0.0,8.42,1.05,1.05,0.0,0.0,0.0,6.32,4.21,0.0,0.0,0.0,1.05,21.05,40.0,33.68,37.89,34.74,14.74,21.05,42.11,37.89,17.89,1.05,1.05,2.11,6.32,14.74,6.32,16.84,10.53,3.16,1.05,18.95,0.0,1.05,14.74,1.05,0.0,0.0,9.47,0.0,1.05,1.05,1.05,1.05,6.32,3.16,8.42,0.0,1.05,1.05,5.26,1.05,1.05,0.0
43,Philippines,366,72.68,36.34,26.23,51.91,17.49,42.9,65.85,32.24,3.55,19.13,8.74,4.37,1.91,0.55,1.09,6.01,1.91,3.55,6.01,1.91,14.21,1.64,9.02,0.82,7.1,2.19,35.25,1.09,0.82,3.83,0.0,7.65,0.0,0.27,1.09,0.0,0.0,5.46,1.09,0.55,0.55,0.55,0.55,19.4,44.26,22.13,37.16,42.9,15.03,20.49,42.35,51.64,13.93,1.37,0.55,2.19,3.83,16.12,4.64,6.83,10.11,4.1,1.37,17.21,3.01,1.37,18.03,11.48,1.37,0.55,9.56,0.55,0.0,0.82,1.91,3.28,7.65,6.83,7.1,1.37,0.27,1.91,3.55,1.64,0.82,1.37
44,Greece,548,62.04,26.82,25.73,52.74,18.8,48.36,52.74,36.68,9.85,25.18,6.93,4.74,4.93,1.09,2.19,8.94,2.01,4.93,6.93,1.64,18.98,1.46,8.94,4.2,4.93,2.19,24.09,0.91,0.91,0.0,0.0,4.74,1.09,0.73,1.64,0.0,0.18,4.01,2.19,0.55,0.55,0.18,0.36,17.7,31.57,25.0,37.77,43.8,17.52,23.91,33.03,42.88,13.14,2.74,1.09,4.38,2.01,15.33,2.92,9.85,5.47,3.65,2.55,22.26,1.28,0.36,11.13,5.66,0.91,0.73,6.75,0.55,0.55,1.64,1.64,2.55,3.83,5.11,5.66,1.28,0.55,1.28,2.92,3.83,0.55,0.0
45,Belarus,136,51.47,27.94,25.0,42.65,19.85,40.44,36.03,22.79,2.21,24.26,10.29,8.09,11.03,0.74,1.47,5.15,2.21,11.03,4.41,1.47,13.24,0.74,6.62,2.94,2.21,6.62,9.56,0.0,1.47,2.94,0.0,3.68,0.0,0.0,2.21,0.0,2.21,8.09,1.47,0.0,0.74,0.0,1.47,17.65,27.21,16.18,33.09,35.29,11.76,19.85,24.26,37.5,10.29,2.94,1.47,1.47,0.0,10.29,3.68,5.88,14.71,2.21,0.74,14.71,0.0,2.94,8.09,6.62,1.47,0.0,3.68,0.0,0.0,1.47,2.21,1.47,5.15,2.21,8.82,0.74,0.74,0.0,0.0,8.82,0.0,0.0
46,Saudi Arabia,116,58.62,26.72,38.79,47.41,18.1,46.55,54.31,33.62,6.03,17.24,10.34,7.76,1.72,0.0,0.86,7.76,0.86,3.45,4.31,9.48,17.24,0.86,12.93,1.72,4.31,2.59,21.55,0.86,0.86,3.45,0.86,12.93,0.0,1.72,0.86,1.72,0.0,6.9,0.0,0.86,0.0,0.86,4.31,18.1,33.62,31.03,40.52,41.38,16.38,18.97,37.07,50.0,12.93,2.59,1.72,1.72,8.62,17.24,6.9,9.48,11.21,4.31,3.45,19.83,2.59,3.45,12.93,6.03,3.45,0.86,21.55,0.86,1.72,2.59,3.45,4.31,10.34,5.17,7.76,0.86,2.59,3.45,4.31,2.59,2.59,0.86
47,Kenya,270,71.48,28.52,14.44,45.19,17.41,48.15,62.59,31.48,2.22,9.26,12.59,7.04,0.37,0.74,1.48,8.15,3.33,4.07,2.96,1.48,19.26,1.85,7.04,6.3,4.07,1.11,33.33,0.37,0.37,2.22,0.37,14.44,1.48,1.11,3.33,1.11,1.11,2.22,3.7,0.74,0.37,1.48,4.81,15.19,33.33,10.74,33.7,44.07,8.52,20.0,38.15,52.96,19.63,0.74,1.48,2.96,1.48,12.22,2.59,9.63,7.04,4.81,1.48,20.37,2.22,2.22,19.26,12.22,2.96,0.37,17.78,0.74,0.37,2.22,1.48,1.48,4.44,7.04,6.67,1.85,0.74,3.7,8.15,0.37,1.48,1.85
48,Switzerland,932,63.52,37.98,34.01,54.18,27.04,54.4,55.15,40.45,6.44,35.73,8.91,10.62,3.22,1.39,4.18,10.84,3.65,5.04,8.58,4.61,22.53,3.33,18.67,7.19,6.97,1.93,23.82,3.11,1.18,0.54,1.39,4.4,1.39,2.36,2.68,0.75,1.82,5.58,1.29,0.86,0.21,0.64,0.32,28.22,36.16,24.57,37.02,44.1,22.96,19.1,38.3,40.45,12.66,2.79,1.82,5.69,3.43,20.28,3.86,12.45,5.9,3.97,4.18,20.92,0.86,0.64,9.98,5.15,0.75,0.32,5.26,0.32,0.97,1.18,3.43,5.26,7.83,3.43,5.26,1.61,0.75,2.9,5.47,2.04,1.5,0.21
49,Iceland,28,60.71,35.71,35.71,53.57,10.71,39.29,57.14,21.43,0.0,32.14,3.57,7.14,7.14,0.0,3.57,10.71,3.57,3.57,0.0,7.14,10.71,0.0,3.57,0.0,3.57,0.0,10.71,7.14,0.0,0.0,0.0,17.86,0.0,0.0,0.0,0.0,0.0,3.57,0.0,0.0,0.0,0.0,0.0,32.14,32.14,21.43,50.0,35.71,21.43,17.86,28.57,35.71,3.57,0.0,0.0,7.14,7.14,7.14,3.57,7.14,7.14,7.14,0.0,7.14,0.0,0.0,10.71,7.14,0.0,0.0,21.43,0.0,0.0,0.0,3.57,7.14,3.57,0.0,7.14,3.57,3.57,3.57,0.0,7.14,0.0,0.0
50,Viet Nam,317,63.41,34.38,31.23,43.22,29.02,42.9,50.16,38.49,5.36,16.72,7.89,10.73,1.89,1.26,3.15,10.41,1.58,5.05,6.31,5.05,26.5,2.21,12.93,3.47,4.1,4.1,18.61,2.52,0.63,4.1,0.95,10.41,0.63,2.84,1.89,1.26,0.63,5.36,2.84,1.26,1.26,1.26,2.21,22.71,38.8,24.29,24.92,36.59,12.93,25.24,29.97,45.43,13.25,1.89,1.26,5.36,4.1,16.4,6.31,10.09,8.52,4.42,2.84,16.72,2.84,2.52,9.15,10.09,2.52,0.95,11.99,0.95,1.89,1.89,2.84,2.21,6.94,4.42,7.26,1.58,1.58,1.26,3.79,2.21,1.58,1.58
51,Thailand,175,69.14,42.86,28.0,49.14,19.43,45.14,57.14,31.43,6.29,25.71,13.14,9.71,6.29,2.29,9.71,21.71,4.0,10.29,9.14,4.57,18.86,4.0,9.14,8.0,6.86,4.57,26.29,5.71,3.43,0.57,2.29,16.57,2.29,1.14,4.57,2.29,2.86,9.14,5.14,2.86,1.14,4.0,4.57,30.86,42.29,18.29,31.43,35.43,20.0,36.57,40.0,45.71,17.71,5.14,2.29,9.71,4.57,15.43,6.86,10.86,8.57,3.43,2.29,17.71,1.71,3.43,10.29,8.0,4.57,1.71,13.71,1.14,4.57,1.71,2.29,5.14,5.71,9.14,7.43,2.86,1.71,3.43,4.0,5.14,2.29,2.86
52,China,632,50.47,27.69,16.14,35.6,34.34,52.53,40.19,37.03,8.23,23.26,9.81,15.19,1.11,2.69,3.01,20.41,1.42,3.32,6.01,6.01,29.59,1.58,8.23,3.64,3.01,3.48,11.08,3.16,0.63,2.85,0.95,4.91,0.47,2.69,1.42,0.95,0.79,5.06,1.58,0.32,0.0,0.0,0.47,30.85,28.16,14.24,23.58,42.56,13.13,30.22,27.37,35.6,11.08,2.37,3.16,2.53,4.43,26.42,4.43,15.82,8.39,2.06,4.11,22.94,1.58,1.58,4.59,8.07,1.11,0.63,5.85,0.47,2.06,1.42,1.11,5.06,5.06,2.37,2.37,1.11,0.95,2.37,4.27,0.95,0.63,0.47
53,Montenegro,19,57.89,31.58,26.32,36.84,10.53,31.58,36.84,26.32,0.0,21.05,10.53,5.26,0.0,5.26,0.0,0.0,5.26,0.0,0.0,0.0,0.0,0.0,15.79,0.0,0.0,0.0,10.53,0.0,0.0,0.0,0.0,5.26,0.0,0.0,0.0,0.0,0.0,5.26,0.0,0.0,0.0,0.0,0.0,10.53,36.84,31.58,26.32,26.32,21.05,15.79,31.58,36.84,5.26,5.26,5.26,0.0,5.26,15.79,15.79,0.0,5.26,10.53,0.0,10.53,0.0,0.0,5.26,5.26,0.0,0.0,10.53,0.0,0.0,5.26,0.0,0.0,5.26,5.26,0.0,5.26,0.0,0.0,0.0,0.0,0.0,0.0
54,Slovakia,229,58.08,35.37,29.26,44.98,26.2,49.34,51.53,35.81,3.93,24.45,11.79,6.99,4.37,0.87,1.31,13.97,3.49,1.75,2.62,4.8,19.65,1.31,10.04,4.8,4.37,2.62,24.89,1.75,1.75,0.87,0.0,5.68,0.0,0.0,0.87,0.44,0.44,2.62,0.44,0.0,0.0,0.44,0.0,18.78,38.43,24.89,36.68,38.86,16.16,15.72,36.68,39.74,14.85,2.18,1.31,2.18,1.75,16.59,3.93,11.79,6.11,1.75,0.87,22.27,0.44,2.62,12.66,5.68,0.0,0.0,5.68,0.0,0.87,1.31,1.31,3.93,3.49,1.31,1.31,1.31,0.44,1.31,2.18,2.18,0.87,0.0
55,Japan,333,63.96,37.84,21.92,43.24,21.62,49.55,54.95,27.33,3.3,36.04,7.21,13.21,1.5,1.5,3.6,18.62,2.7,15.02,5.11,3.0,18.92,3.6,9.91,6.91,6.01,6.01,21.92,3.0,2.4,1.2,0.9,7.81,1.5,3.0,4.2,1.8,0.6,12.01,2.1,0.3,0.9,0.0,0.0,31.83,38.74,13.81,25.23,38.44,21.92,25.83,32.13,41.14,12.01,3.0,2.4,3.6,1.8,18.02,3.3,9.01,11.11,6.01,3.3,12.31,2.1,1.8,8.41,5.11,0.6,0.0,8.71,0.6,1.5,2.7,2.4,6.31,4.2,3.0,8.71,0.6,1.2,0.3,2.1,0.9,0.9,0.0
56,Luxembourg,56,69.64,50.0,23.21,53.57,16.07,44.64,50.0,41.07,0.0,37.5,1.79,7.14,3.57,3.57,3.57,7.14,1.79,1.79,3.57,1.79,10.71,3.57,12.5,7.14,7.14,0.0,17.86,3.57,0.0,0.0,0.0,5.36,0.0,7.14,3.57,1.79,0.0,3.57,0.0,0.0,0.0,0.0,0.0,17.86,50.0,17.86,41.07,41.07,26.79,14.29,35.71,50.0,12.5,0.0,5.36,3.57,3.57,12.5,3.57,7.14,8.93,3.57,8.93,28.57,3.57,1.79,7.14,7.14,0.0,0.0,7.14,0.0,0.0,1.79,5.36,5.36,10.71,1.79,5.36,0.0,0.0,1.79,7.14,3.57,1.79,0.0
57,Turkmenistan,16,56.25,25.0,37.5,50.0,31.25,50.0,56.25,25.0,6.25,6.25,0.0,6.25,0.0,0.0,0.0,6.25,0.0,0.0,6.25,0.0,25.0,0.0,12.5,0.0,6.25,0.0,31.25,0.0,0.0,6.25,0.0,25.0,0.0,0.0,0.0,0.0,0.0,6.25,0.0,0.0,0.0,0.0,0.0,18.75,31.25,25.0,43.75,62.5,18.75,37.5,43.75,56.25,12.5,0.0,0.0,0.0,0.0,12.5,0.0,6.25,6.25,6.25,6.25,12.5,0.0,0.0,18.75,6.25,0.0,0.0,25.0,0.0,0.0,0.0,0.0,0.0,6.25,0.0,6.25,0.0,0.0,0.0,0.0,0.0,0.0,0.0
58,Argentina,521,70.06,33.97,22.07,48.75,12.28,34.55,57.77,27.83,1.73,22.84,8.45,4.03,3.45,0.58,1.34,9.02,2.3,7.1,3.26,1.73,10.56,0.96,8.06,2.5,4.99,1.54,22.46,2.88,0.38,1.92,0.19,4.99,1.73,0.96,1.34,0.38,0.0,3.45,2.5,0.96,1.54,0.38,0.38,19.58,43.19,17.27,36.28,38.77,16.7,26.3,36.85,53.17,13.63,1.54,0.96,2.3,1.54,9.21,2.69,6.53,5.57,3.07,1.54,16.51,0.96,0.58,10.94,5.37,0.38,0.77,9.98,0.58,0.0,1.15,0.77,3.07,3.45,14.78,7.49,0.77,1.54,0.19,2.69,2.3,0.38,0.58
59,Hungary,466,66.31,39.48,35.41,50.21,27.25,43.13,61.37,36.27,4.72,30.47,11.37,7.3,7.51,0.64,2.79,9.66,3.43,4.29,6.87,4.72,21.24,2.58,15.67,2.58,5.15,1.07,25.32,3.0,1.72,0.64,0.43,7.51,0.21,1.07,1.72,1.29,0.43,3.43,1.29,0.0,0.21,0.0,0.0,20.82,38.63,27.47,39.48,35.62,17.17,15.02,43.13,46.14,13.09,3.86,1.07,3.43,3.0,21.46,3.43,11.8,6.65,4.29,2.58,22.96,1.72,0.86,9.87,5.58,0.21,0.43,9.01,0.64,0.86,1.07,1.93,4.94,7.3,2.58,4.51,1.29,0.64,1.5,1.29,4.94,1.29,0.21
60,Tunisia,101,70.3,47.52,20.79,59.41,20.79,46.53,65.35,52.48,9.9,15.84,10.89,2.97,1.98,0.0,0.0,4.95,3.96,2.97,4.95,3.96,33.66,0.0,6.93,5.94,3.96,2.97,42.57,0.99,0.99,1.98,0.0,17.82,0.0,0.0,0.0,0.0,0.99,4.95,0.99,0.0,0.99,0.99,0.99,18.81,40.59,16.83,38.61,40.59,9.9,22.77,45.54,59.41,19.8,2.97,0.99,1.98,3.96,13.86,4.95,15.84,11.88,2.97,2.97,28.71,2.97,0.99,22.77,4.95,0.99,0.0,18.81,0.0,0.0,0.0,0.99,3.96,4.95,2.97,4.95,2.97,0.0,0.99,2.97,0.99,0.99,0.99
61,Bangladesh,613,72.59,26.75,17.62,45.51,28.22,41.11,59.05,28.87,4.08,13.38,8.32,4.08,0.16,0.16,0.16,7.01,0.65,2.28,3.92,1.31,31.32,0.65,7.83,2.61,2.12,1.79,34.75,0.65,0.33,2.12,0.0,9.95,0.49,0.49,0.33,0.16,0.33,3.75,1.31,0.49,0.16,1.79,3.43,16.64,42.58,17.78,38.99,45.84,13.21,29.53,40.13,58.24,14.68,0.98,0.82,1.47,2.45,19.41,2.94,13.7,6.53,1.47,1.96,20.07,1.31,1.79,22.68,8.48,1.96,0.33,16.31,0.49,0.65,1.14,1.14,2.77,5.22,7.18,4.73,0.98,0.98,2.12,3.26,0.49,1.14,1.47
62,Maldives,12,58.33,33.33,25.0,50.0,16.67,25.0,58.33,25.0,0.0,16.67,8.33,0.0,0.0,0.0,0.0,16.67,8.33,0.0,0.0,0.0,16.67,0.0,25.0,0.0,0.0,0.0,33.33,0.0,0.0,0.0,0.0,0.0,0.0,0.0,0.0,0.0,0.0,0.0,0.0,0.0,0.0,0.0,0.0,25.0,33.33,50.0,58.33,33.33,16.67,25.0,50.0,41.67,16.67,8.33,0.0,0.0,8.33,33.33,8.33,16.67,16.67,0.0,8.33,25.0,0.0,8.33,33.33,8.33,0.0,0.0,8.33,0.0,8.33,0.0,0.0,8.33,25.0,8.33,0.0,0.0,0.0,0.0,8.33,0.0,0.0,0.0
63,Dominican Republic,83,78.31,46.99,46.99,44.58,9.64,30.12,61.45,26.51,2.41,6.02,9.64,4.82,8.43,0.0,1.2,4.82,3.61,7.23,1.2,1.2,6.02,0.0,8.43,1.2,6.02,1.2,16.87,0.0,0.0,0.0,0.0,13.25,0.0,1.2,4.82,0.0,0.0,2.41,6.02,0.0,1.2,0.0,0.0,24.1,50.6,32.53,37.35,31.33,6.02,27.71,38.55,56.63,14.46,0.0,1.2,2.41,1.2,13.25,2.41,6.02,7.23,4.82,4.82,6.02,0.0,2.41,8.43,7.23,1.2,1.2,18.07,0.0,0.0,2.41,3.61,2.41,4.82,8.43,8.43,0.0,0.0,1.2,3.61,4.82,0.0,0.0
64,Jordan,64,64.06,35.94,23.44,37.5,29.69,28.12,54.69,37.5,1.56,18.75,10.94,3.12,3.12,0.0,1.56,0.0,3.12,3.12,7.81,0.0,12.5,0.0,9.38,0.0,1.56,0.0,26.56,0.0,0.0,0.0,0.0,10.94,0.0,0.0,0.0,0.0,0.0,3.12,0.0,0.0,0.0,0.0,1.56,9.38,46.88,21.88,29.69,32.81,20.31,21.88,35.94,59.38,18.75,0.0,1.56,1.56,1.56,10.94,3.12,9.38,6.25,1.56,1.56,34.38,0.0,0.0,18.75,6.25,1.56,0.0,23.44,0.0,0.0,0.0,1.56,1.56,10.94,1.56,0.0,1.56,1.56,1.56,1.56,3.12,0.0,0.0
65,Pakistan,711,68.5,27.57,28.13,46.98,32.21,39.38,63.85,33.47,6.05,8.72,9.42,2.53,0.42,0.28,0.7,4.08,1.27,4.22,6.89,1.55,16.17,0.28,5.06,2.67,3.52,3.38,34.04,0.56,0.42,0.84,0.0,11.67,0.14,0.84,0.56,0.28,0.28,6.05,1.69,0.7,0.28,0.98,0.98,11.25,36.15,16.6,33.61,45.71,7.74,15.89,38.12,54.85,14.63,0.84,0.28,2.95,0.7,10.13,3.23,5.2,10.97,2.67,1.97,16.32,0.56,2.11,19.41,6.47,1.27,0.14,17.72,0.28,0.28,0.84,1.55,0.98,3.38,7.45,6.89,0.98,0.84,2.53,5.49,0.42,0.56,1.41
66,Nepal,222,71.62,30.18,16.22,42.34,28.83,50.0,61.71,33.78,7.21,13.96,7.21,5.41,0.45,0.0,1.35,8.11,1.35,2.25,3.6,1.35,34.23,0.45,4.05,4.5,0.9,0.9,34.23,0.0,1.35,2.25,0.0,16.67,0.9,0.0,0.0,0.0,0.0,1.35,3.15,0.0,0.45,0.0,1.8,22.07,37.39,11.71,28.38,40.54,11.71,31.53,28.83,45.5,11.71,2.25,2.25,1.8,1.35,8.56,4.95,8.56,6.31,2.25,0.9,16.22,0.0,2.25,13.51,6.76,0.9,0.45,18.92,0.45,0.0,0.9,0.9,2.25,4.05,10.36,5.86,0.0,0.0,4.5,8.56,0.9,1.35,0.9
67,"Iran, Islamic Republic of...",723,63.76,28.77,31.54,46.06,21.85,42.74,55.33,25.86,4.84,15.49,9.54,4.84,2.77,0.69,0.83,12.17,1.52,1.52,4.15,2.63,14.25,0.69,5.39,2.07,1.8,1.38,26.42,0.28,0.69,1.52,0.14,7.47,0.28,0.97,0.83,0.55,0.28,3.6,1.8,0.14,0.14,0.69,0.55,13.83,36.38,22.27,36.24,43.57,14.94,25.45,39.97,52.01,12.03,0.83,0.69,2.63,2.49,15.08,3.18,9.41,5.26,2.49,1.38,16.04,0.41,1.38,14.66,6.78,0.41,0.0,11.2,0.0,0.28,1.38,2.49,2.49,4.29,5.67,2.63,1.11,0.28,1.94,3.6,0.55,0.55,0.55
68,Indonesia,537,69.09,27.37,18.06,52.14,20.3,42.27,56.61,36.13,3.91,13.97,15.27,5.4,5.03,0.37,1.68,14.9,1.68,5.21,2.42,3.17,14.53,0.93,5.03,5.03,6.52,1.49,50.47,0.93,1.3,3.17,0.19,15.08,0.74,1.3,1.12,0.74,0.56,3.35,1.3,0.74,0.56,0.37,0.37,21.79,38.36,13.97,39.66,40.6,12.1,38.73,40.41,55.12,20.67,1.86,0.93,2.42,2.61,13.97,2.98,8.19,7.82,3.72,1.68,20.11,1.12,1.3,28.31,5.77,1.12,0.74,20.86,0.74,0.74,2.23,1.49,1.49,3.72,4.28,5.77,0.74,0.56,1.86,4.28,2.98,0.93,0.74
69,Ecuador,83,74.7,42.17,30.12,53.01,12.05,42.17,59.04,42.17,8.43,19.28,13.25,8.43,1.2,0.0,3.61,10.84,3.61,4.82,2.41,2.41,8.43,1.2,4.82,4.82,2.41,2.41,30.12,2.41,1.2,0.0,0.0,18.07,0.0,1.2,1.2,0.0,1.2,3.61,1.2,0.0,1.2,1.2,2.41,33.73,53.01,22.89,38.55,48.19,13.25,33.73,36.14,51.81,28.92,6.02,0.0,8.43,2.41,10.84,3.61,3.61,14.46,1.2,3.61,21.69,1.2,0.0,14.46,2.41,2.41,0.0,24.1,0.0,0.0,1.2,2.41,8.43,1.2,15.66,4.82,2.41,0.0,2.41,7.23,1.2,0.0,0.0
70,Bosnia and Herzegovina,103,72.82,39.81,38.83,57.28,25.24,33.98,58.25,39.81,5.83,20.39,10.68,3.88,8.74,0.97,1.94,8.74,0.97,7.77,6.8,2.91,23.3,0.97,5.83,0.97,1.94,2.91,26.21,0.97,1.94,1.94,0.97,8.74,1.94,0.0,2.91,0.97,0.0,6.8,0.97,1.94,0.0,0.0,0.0,22.33,34.95,36.89,46.6,37.86,15.53,20.39,43.69,62.14,17.48,2.91,0.97,1.94,3.88,20.39,1.94,15.53,2.91,4.85,0.97,20.39,0.97,1.94,14.56,5.83,0.0,0.0,10.68,0.97,0.0,2.91,2.91,2.91,2.91,2.91,6.8,0.0,0.0,0.97,0.97,4.85,0.0,0.0
71,Armenia,93,56.99,30.11,19.35,36.56,10.75,47.31,37.63,26.88,2.15,26.88,4.3,6.45,2.15,0.0,2.15,9.68,2.15,3.23,3.23,2.15,5.38,0.0,3.23,5.38,2.15,2.15,15.05,1.08,0.0,2.15,0.0,3.23,0.0,0.0,1.08,1.08,0.0,4.3,2.15,0.0,0.0,1.08,1.08,25.81,23.66,15.05,26.88,35.48,20.43,23.66,19.35,31.18,7.53,1.08,0.0,3.23,2.15,10.75,2.15,2.15,7.53,2.15,0.0,13.98,0.0,0.0,6.45,6.45,0.0,0.0,8.6,0.0,0.0,3.23,0.0,1.08,2.15,9.68,0.0,0.0,0.0,2.15,4.3,1.08,0.0,0.0
72,Colombia,341,74.49,40.76,20.82,51.03,11.44,47.21,62.17,33.72,5.57,17.01,8.21,2.93,2.05,0.59,3.52,8.8,2.35,5.28,3.52,2.35,8.5,0.59,8.21,6.16,5.57,1.76,21.11,1.17,1.17,1.17,0.59,9.68,0.59,0.88,2.64,0.88,0.59,2.93,1.47,0.88,0.59,0.88,0.59,18.18,41.94,14.08,36.07,44.87,14.37,31.38,40.18,56.01,11.14,2.35,1.17,4.4,3.23,10.56,2.64,3.81,5.87,4.99,3.52,19.94,1.17,0.0,11.14,8.8,0.29,0.59,13.2,1.47,0.59,2.05,2.35,2.64,5.57,6.45,6.16,1.17,0.59,1.47,4.4,1.47,0.59,1.76
73,Kazakhstan,70,57.14,25.71,25.71,41.43,14.29,45.71,42.86,21.43,0.0,18.57,4.29,7.14,2.86,0.0,1.43,7.14,1.43,1.43,7.14,5.71,15.71,0.0,8.57,1.43,1.43,1.43,24.29,0.0,2.86,1.43,0.0,14.29,0.0,0.0,0.0,0.0,0.0,4.29,1.43,0.0,0.0,2.86,0.0,25.71,35.71,27.14,28.57,38.57,10.0,30.0,32.86,45.71,15.71,4.29,1.43,5.71,1.43,15.71,5.71,8.57,8.57,2.86,1.43,21.43,0.0,0.0,10.0,2.86,0.0,0.0,14.29,0.0,1.43,1.43,0.0,4.29,4.29,4.29,2.86,1.43,1.43,0.0,4.29,1.43,0.0,2.86
74,South Korea,229,62.88,34.93,20.52,36.68,30.13,51.09,46.29,42.79,4.37,25.33,17.03,7.86,2.18,1.31,1.75,10.92,2.18,3.49,3.93,1.75,23.14,0.87,6.55,4.8,2.62,4.37,9.61,2.18,1.31,3.06,1.75,6.11,0.44,1.75,2.18,0.87,1.31,7.86,1.31,0.44,0.87,1.31,0.87,23.58,48.03,14.41,26.2,45.41,17.47,30.57,30.13,44.98,22.71,2.18,0.87,4.8,1.31,20.96,5.24,11.79,12.23,4.8,3.06,24.89,0.87,1.75,4.37,4.8,0.87,0.44,10.92,0.44,2.62,1.75,3.49,3.06,5.24,2.18,5.68,2.62,0.87,1.75,3.49,1.75,1.31,0.87
75,Costa Rica,76,75.0,35.53,36.84,57.89,21.05,48.68,60.53,40.79,5.26,17.11,9.21,7.89,0.0,0.0,1.32,13.16,9.21,6.58,5.26,3.95,10.53,0.0,11.84,6.58,6.58,0.0,25.0,2.63,0.0,2.63,0.0,10.53,0.0,2.63,2.63,0.0,1.32,1.32,3.95,0.0,0.0,0.0,0.0,19.74,34.21,26.32,39.47,48.68,14.47,27.63,39.47,48.68,13.16,1.32,1.32,2.63,2.63,17.11,1.32,6.58,9.21,6.58,6.58,21.05,1.32,1.32,5.26,13.16,0.0,0.0,6.58,0.0,1.32,1.32,5.26,2.63,5.26,7.89,2.63,5.26,1.32,1.32,7.89,0.0,0.0,0.0
76,Honduras,28,82.14,42.86,42.86,53.57,25.0,39.29,71.43,32.14,0.0,17.86,7.14,0.0,7.14,0.0,0.0,10.71,3.57,3.57,0.0,0.0,25.0,0.0,3.57,7.14,7.14,7.14,32.14,3.57,0.0,0.0,0.0,10.71,3.57,0.0,3.57,0.0,0.0,3.57,3.57,0.0,0.0,0.0,0.0,14.29,64.29,21.43,42.86,35.71,10.71,32.14,57.14,71.43,10.71,3.57,0.0,3.57,7.14,3.57,0.0,3.57,3.57,3.57,0.0,10.71,0.0,3.57,14.29,0.0,0.0,0.0,10.71,0.0,0.0,0.0,3.57,0.0,3.57,7.14,7.14,0.0,0.0,3.57,7.14,7.14,0.0,0.0
77,Mauritius,21,80.95,38.1,33.33,57.14,28.57,42.86,61.9,47.62,4.76,23.81,9.52,4.76,0.0,0.0,0.0,0.0,4.76,9.52,4.76,0.0,14.29,0.0,9.52,4.76,14.29,14.29,33.33,0.0,4.76,0.0,0.0,9.52,4.76,0.0,0.0,0.0,0.0,9.52,0.0,0.0,0.0,0.0,0.0,14.29,33.33,33.33,33.33,42.86,14.29,19.05,42.86,52.38,9.52,4.76,0.0,0.0,0.0,19.05,4.76,14.29,9.52,0.0,0.0,9.52,4.76,4.76,23.81,14.29,0.0,0.0,19.05,0.0,0.0,0.0,9.52,0.0,4.76,0.0,9.52,0.0,4.76,4.76,9.52,4.76,4.76,0.0
78,Estonia,141,65.25,43.26,18.44,47.52,12.06,44.68,47.52,34.04,2.13,30.5,7.09,10.64,4.26,0.71,3.55,14.89,1.42,5.67,4.96,2.84,11.35,0.71,10.64,2.13,2.13,0.71,22.7,1.42,1.42,0.71,0.0,3.55,1.42,2.13,4.96,2.13,0.71,2.84,0.71,0.0,0.0,0.0,0.0,26.24,44.68,13.48,35.46,33.33,17.73,22.7,31.91,36.88,14.18,3.55,1.42,4.96,2.13,9.22,5.67,5.67,4.26,7.8,5.67,22.7,0.71,0.0,9.93,5.67,0.0,0.0,1.42,0.71,0.71,3.55,0.71,2.84,2.84,0.71,8.51,2.13,0.71,0.0,1.42,2.84,0.0,0.0
79,Algeria,36,63.89,11.11,8.33,38.89,19.44,52.78,61.11,36.11,13.89,11.11,5.56,8.33,13.89,0.0,2.78,5.56,0.0,2.78,11.11,2.78,33.33,0.0,5.56,2.78,0.0,0.0,22.22,0.0,0.0,0.0,2.78,16.67,0.0,0.0,0.0,0.0,0.0,2.78,0.0,0.0,0.0,0.0,5.56,11.11,25.0,11.11,33.33,55.56,13.89,13.89,38.89,58.33,8.33,2.78,2.78,2.78,0.0,13.89,2.78,13.89,8.33,2.78,2.78,13.89,0.0,0.0,22.22,2.78,2.78,0.0,30.56,0.0,0.0,2.78,0.0,5.56,2.78,0.0,0.0,0.0,0.0,5.56,0.0,13.89,0.0,0.0
80,Trinidad and Tobago,13,53.85,23.08,15.38,23.08,23.08,38.46,30.77,15.38,0.0,7.69,0.0,0.0,7.69,0.0,0.0,0.0,0.0,0.0,0.0,0.0,7.69,0.0,7.69,0.0,0.0,0.0,15.38,0.0,0.0,15.38,0.0,7.69,0.0,0.0,0.0,0.0,0.0,0.0,0.0,0.0,0.0,0.0,0.0,7.69,7.69,15.38,15.38,30.77,15.38,0.0,23.08,38.46,7.69,0.0,7.69,0.0,0.0,23.08,15.38,15.38,0.0,0.0,0.0,15.38,0.0,0.0,7.69,23.08,0.0,0.0,0.0,0.0,0.0,0.0,0.0,0.0,7.69,0.0,7.69,0.0,0.0,7.69,7.69,7.69,0.0,0.0
81,Mali,10,50.0,10.0,10.0,50.0,10.0,70.0,90.0,50.0,0.0,10.0,0.0,0.0,10.0,0.0,0.0,0.0,0.0,0.0,0.0,0.0,10.0,0.0,0.0,0.0,10.0,0.0,30.0,0.0,0.0,0.0,0.0,20.0,0.0,0.0,0.0,0.0,0.0,0.0,0.0,0.0,0.0,0.0,0.0,0.0,10.0,10.0,50.0,40.0,30.0,0.0,60.0,50.0,0.0,0.0,0.0,0.0,0.0,10.0,0.0,0.0,0.0,0.0,0.0,20.0,0.0,0.0,20.0,20.0,0.0,0.0,30.0,0.0,0.0,0.0,0.0,0.0,10.0,0.0,0.0,0.0,0.0,0.0,0.0,10.0,0.0,0.0
82,Morocco,226,77.88,34.96,20.8,56.64,29.2,42.04,71.68,43.36,8.85,20.35,8.41,3.54,0.44,0.88,1.33,6.64,0.44,3.1,9.29,3.98,38.94,1.33,11.06,6.64,8.41,2.21,47.35,0.88,1.33,1.77,0.88,11.5,0.44,0.44,0.0,0.0,0.44,3.1,1.33,0.44,0.44,1.33,0.44,16.37,42.04,14.16,38.94,42.04,13.27,20.35,45.13,53.54,16.37,0.88,0.88,1.33,3.98,21.68,6.64,12.83,8.85,3.54,1.33,26.55,1.33,1.77,26.99,8.85,0.88,1.77,13.72,0.44,0.44,0.0,0.88,3.1,5.75,7.96,7.08,0.0,0.44,2.65,4.42,0.88,0.44,1.77
83,Swaziland,7,71.43,14.29,14.29,57.14,14.29,57.14,85.71,28.57,0.0,0.0,0.0,14.29,0.0,0.0,0.0,14.29,0.0,0.0,0.0,0.0,14.29,14.29,0.0,28.57,0.0,0.0,28.57,0.0,0.0,0.0,0.0,0.0,0.0,0.0,0.0,0.0,0.0,0.0,0.0,0.0,0.0,0.0,0.0,14.29,28.57,0.0,57.14,42.86,0.0,14.29,71.43,57.14,14.29,0.0,0.0,0.0,0.0,14.29,0.0,0.0,14.29,0.0,0.0,28.57,0.0,0.0,0.0,0.0,0.0,0.0,14.29,0.0,0.0,0.0,0.0,0.0,0.0,0.0,0.0,0.0,0.0,0.0,28.57,0.0,14.29,0.0
84,New Zealand,440,66.14,40.91,39.32,49.32,19.77,42.5,55.23,22.95,2.05,32.73,8.41,10.23,5.45,0.91,0.91,9.32,3.86,6.59,4.32,3.64,15.0,1.82,16.59,4.09,6.82,2.27,14.09,1.14,0.91,1.14,0.0,3.86,0.68,1.36,0.91,0.45,1.14,4.32,1.36,0.23,0.0,0.0,0.68,25.23,40.23,34.55,33.86,34.09,20.45,15.0,34.09,38.86,10.0,2.27,0.68,1.82,2.05,15.91,5.68,9.55,6.59,2.73,2.27,10.23,0.91,1.14,7.05,6.82,0.68,0.0,3.86,0.68,0.0,0.68,2.73,2.5,7.73,2.05,6.59,0.68,0.0,1.14,3.18,4.55,0.91,0.0
85,The former Yugoslav Republic of Macedonia,51,58.82,43.14,37.25,54.9,23.53,21.57,43.14,33.33,3.92,13.73,9.8,1.96,7.84,1.96,1.96,5.88,0.0,0.0,3.92,0.0,15.69,1.96,9.8,5.88,5.88,1.96,19.61,0.0,1.96,1.96,0.0,3.92,0.0,0.0,0.0,0.0,1.96,5.88,0.0,0.0,0.0,0.0,0.0,15.69,43.14,27.45,47.06,15.69,3.92,21.57,35.29,45.1,21.57,0.0,0.0,1.96,0.0,9.8,1.96,1.96,7.84,1.96,1.96,25.49,1.96,0.0,17.65,5.88,0.0,0.0,5.88,0.0,0.0,1.96,1.96,0.0,3.92,3.92,1.96,0.0,0.0,0.0,1.96,5.88,0.0,0.0
86,Afghanistan,69,60.87,27.54,27.54,40.58,33.33,36.23,52.17,36.23,1.45,21.74,10.14,13.04,2.9,4.35,2.9,7.25,2.9,4.35,13.04,11.59,28.99,7.25,8.7,8.7,10.14,10.14,33.33,4.35,2.9,7.25,1.45,13.04,2.9,2.9,1.45,2.9,4.35,10.14,1.45,4.35,4.35,7.25,10.14,14.49,30.43,14.49,30.43,36.23,21.74,11.59,34.78,39.13,10.14,0.0,0.0,0.0,2.9,23.19,13.04,17.39,4.35,1.45,2.9,13.04,2.9,2.9,15.94,17.39,8.7,4.35,8.7,1.45,1.45,1.45,1.45,1.45,7.25,5.8,4.35,1.45,0.0,4.35,2.9,1.45,2.9,1.45
87,Cyprus,61,47.54,16.39,19.67,47.54,19.67,47.54,44.26,44.26,1.64,22.95,9.84,4.92,3.28,0.0,3.28,6.56,3.28,9.84,3.28,1.64,21.31,1.64,11.48,4.92,1.64,3.28,19.67,1.64,6.56,1.64,0.0,3.28,1.64,1.64,1.64,0.0,0.0,9.84,1.64,0.0,0.0,0.0,3.28,14.75,19.67,11.48,36.07,39.34,14.75,11.48,27.87,37.7,16.39,6.56,0.0,3.28,0.0,9.84,4.92,11.48,9.84,1.64,1.64,26.23,0.0,0.0,6.56,9.84,1.64,0.0,4.92,0.0,0.0,0.0,1.64,3.28,6.56,3.28,8.2,3.28,0.0,0.0,3.28,3.28,0.0,0.0
88,United Arab Emirates,165,73.33,33.33,29.7,52.12,19.39,42.42,58.18,25.45,3.64,17.58,10.91,6.67,3.03,0.61,1.21,10.91,1.21,1.82,3.64,4.85,13.33,1.21,6.67,4.85,3.64,5.45,23.03,0.61,0.0,0.0,0.61,13.33,0.61,0.61,0.61,0.0,0.61,6.67,3.03,0.61,0.61,0.61,1.21,23.03,35.76,20.0,33.33,46.06,10.3,25.45,34.55,50.91,15.76,2.42,2.42,3.64,3.64,15.76,4.24,9.09,8.48,4.24,2.42,17.58,2.42,1.82,12.73,6.06,1.21,1.82,19.39,1.21,1.21,2.42,4.24,1.21,6.67,6.06,4.24,2.42,1.21,1.21,7.88,3.64,2.42,2.42
89,Peru,136,75.0,38.97,29.41,58.09,18.38,44.12,58.09,32.35,4.41,18.38,13.24,6.62,2.21,0.0,1.47,10.29,1.47,6.62,0.74,2.21,8.82,0.74,7.35,6.62,7.35,0.74,25.0,0.0,0.74,2.21,0.0,13.24,0.0,1.47,0.74,0.74,0.0,4.41,2.21,0.74,0.74,0.74,0.0,24.26,47.06,19.85,41.18,47.06,13.97,33.09,33.82,53.68,22.06,2.94,0.0,3.68,5.15,14.71,2.21,10.29,12.5,2.21,2.21,19.85,2.94,1.47,14.71,5.88,0.0,1.47,15.44,0.0,0.74,0.0,0.74,2.21,6.62,8.09,10.29,0.74,0.74,2.21,3.68,2.21,1.47,1.47
90,Uzbekistan,84,61.9,17.86,19.05,44.05,22.62,41.67,54.76,25.0,2.38,9.52,11.9,3.57,4.76,0.0,0.0,9.52,1.19,1.19,2.38,1.19,14.29,0.0,4.76,2.38,2.38,2.38,22.62,0.0,0.0,1.19,0.0,10.71,0.0,0.0,0.0,0.0,0.0,5.95,0.0,0.0,0.0,0.0,1.19,21.43,41.67,20.24,34.52,30.95,5.95,26.19,32.14,44.05,11.9,2.38,0.0,2.38,0.0,16.67,1.19,7.14,7.14,1.19,0.0,17.86,0.0,1.19,8.33,7.14,1.19,0.0,13.1,0.0,0.0,0.0,2.38,2.38,3.57,0.0,3.57,0.0,0.0,0.0,1.19,3.57,0.0,0.0
91,Ethiopia,75,80.0,34.67,22.67,48.0,34.67,41.33,57.33,34.67,4.0,6.67,14.67,4.0,2.67,2.67,2.67,13.33,4.0,4.0,8.0,2.67,16.0,4.0,4.0,2.67,4.0,4.0,41.33,1.33,2.67,2.67,2.67,25.33,1.33,2.67,4.0,1.33,1.33,5.33,4.0,2.67,2.67,2.67,4.0,9.33,44.0,22.67,30.67,44.0,4.0,24.0,41.33,56.0,16.0,5.33,2.67,6.67,2.67,18.67,5.33,9.33,9.33,5.33,2.67,32.0,4.0,5.33,25.33,10.67,5.33,2.67,18.67,2.67,4.0,2.67,4.0,2.67,4.0,13.33,6.67,4.0,4.0,5.33,5.33,2.67,4.0,2.67
92,Bahrain,14,50.0,21.43,35.71,50.0,0.0,42.86,57.14,35.71,0.0,21.43,0.0,14.29,0.0,0.0,0.0,21.43,0.0,0.0,0.0,0.0,21.43,0.0,14.29,0.0,7.14,0.0,21.43,0.0,0.0,0.0,0.0,7.14,0.0,0.0,0.0,0.0,0.0,0.0,0.0,0.0,0.0,0.0,0.0,14.29,21.43,35.71,50.0,42.86,14.29,28.57,35.71,42.86,0.0,0.0,0.0,0.0,0.0,14.29,0.0,7.14,7.14,0.0,0.0,35.71,0.0,0.0,21.43,0.0,0.0,0.0,7.14,0.0,0.0,0.0,0.0,0.0,14.29,0.0,0.0,0.0,0.0,0.0,0.0,0.0,0.0,0.0
93,Malta,39,58.97,28.21,35.9,58.97,5.13,51.28,64.1,28.21,2.56,17.95,2.56,5.13,5.13,0.0,5.13,5.13,5.13,5.13,0.0,7.69,10.26,0.0,15.38,10.26,2.56,0.0,23.08,2.56,0.0,0.0,0.0,2.56,0.0,2.56,0.0,0.0,2.56,0.0,7.69,2.56,0.0,0.0,0.0,12.82,15.38,25.64,33.33,41.03,12.82,20.51,43.59,38.46,7.69,0.0,0.0,2.56,7.69,12.82,0.0,10.26,2.56,2.56,2.56,17.95,0.0,0.0,12.82,7.69,0.0,0.0,2.56,0.0,0.0,0.0,5.13,2.56,12.82,7.69,7.69,2.56,0.0,0.0,5.13,5.13,0.0,0.0
94,Nicaragua,18,88.89,38.89,27.78,61.11,11.11,33.33,55.56,11.11,5.56,5.56,11.11,5.56,0.0,0.0,0.0,5.56,5.56,0.0,5.56,11.11,16.67,0.0,5.56,5.56,0.0,0.0,38.89,0.0,0.0,0.0,0.0,11.11,0.0,0.0,5.56,0.0,0.0,0.0,5.56,0.0,0.0,0.0,0.0,16.67,44.44,11.11,33.33,33.33,0.0,44.44,27.78,61.11,16.67,0.0,0.0,0.0,16.67,11.11,0.0,0.0,5.56,5.56,0.0,16.67,0.0,0.0,16.67,5.56,0.0,0.0,22.22,0.0,0.0,0.0,0.0,0.0,11.11,5.56,5.56,5.56,0.0,0.0,0.0,0.0,0.0,0.0
95,Andorra,15,46.67,33.33,26.67,20.0,26.67,26.67,40.0,26.67,0.0,13.33,0.0,13.33,0.0,0.0,0.0,6.67,0.0,0.0,0.0,0.0,20.0,0.0,6.67,0.0,6.67,0.0,20.0,0.0,0.0,0.0,6.67,13.33,6.67,0.0,6.67,0.0,0.0,6.67,13.33,0.0,0.0,0.0,0.0,20.0,33.33,26.67,26.67,26.67,6.67,26.67,20.0,40.0,6.67,6.67,0.0,6.67,0.0,20.0,6.67,20.0,13.33,20.0,6.67,6.67,0.0,0.0,6.67,0.0,6.67,13.33,13.33,6.67,0.0,13.33,13.33,6.67,0.0,20.0,0.0,6.67,6.67,0.0,6.67,6.67,0.0,0.0
96,Republic of Korea,72,61.11,29.17,20.83,34.72,25.0,50.0,43.06,37.5,1.39,19.44,20.83,8.33,0.0,0.0,4.17,12.5,4.17,5.56,8.33,5.56,26.39,2.78,13.89,5.56,1.39,0.0,15.28,2.78,0.0,6.94,0.0,5.56,0.0,2.78,2.78,0.0,0.0,6.94,1.39,0.0,0.0,0.0,0.0,23.61,47.22,23.61,26.39,40.28,19.44,29.17,29.17,44.44,29.17,4.17,2.78,9.72,8.33,18.06,6.94,9.72,15.28,5.56,4.17,22.22,2.78,2.78,6.94,8.33,1.39,2.78,9.72,2.78,2.78,2.78,4.17,9.72,5.56,4.17,6.94,2.78,2.78,2.78,4.17,1.39,2.78,1.39
97,Lebanon,71,67.61,33.8,25.35,45.07,19.72,43.66,63.38,47.89,9.86,19.72,8.45,2.82,0.0,0.0,1.41,0.0,4.23,0.0,9.86,1.41,21.13,1.41,7.04,7.04,5.63,2.82,26.76,0.0,0.0,2.82,0.0,14.08,1.41,0.0,2.82,1.41,0.0,8.45,1.41,0.0,0.0,0.0,0.0,19.72,33.8,25.35,36.62,42.25,9.86,16.9,33.8,50.7,9.86,0.0,0.0,5.63,2.82,16.9,5.63,16.9,14.08,2.82,0.0,25.35,2.82,0.0,9.86,7.04,0.0,2.82,23.94,0.0,1.41,0.0,2.82,0.0,4.23,5.63,1.41,2.82,0.0,5.63,4.23,0.0,1.41,1.41
98,Belize,3,100.0,33.33,33.33,66.67,33.33,66.67,66.67,33.33,0.0,33.33,33.33,33.33,0.0,0.0,33.33,0.0,0.0,33.33,0.0,33.33,33.33,0.0,33.33,0.0,0.0,0.0,66.67,33.33,0.0,0.0,0.0,0.0,0.0,0.0,0.0,0.0,0.0,0.0,0.0,0.0,0.0,0.0,0.0,33.33,33.33,0.0,66.67,66.67,33.33,0.0,66.67,66.67,33.33,0.0,0.0,33.33,0.0,33.33,0.0,0.0,0.0,0.0,0.0,0.0,0.0,0.0,33.33,0.0,0.0,0.0,0.0,0.0,0.0,0.0,0.0,33.33,33.33,0.0,33.33,0.0,0.0,0.0,0.0,0.0,0.0,0.0
99,Zambia,20,60.0,20.0,25.0,35.0,5.0,30.0,55.0,20.0,0.0,5.0,25.0,5.0,5.0,5.0,0.0,0.0,0.0,0.0,0.0,0.0,0.0,0.0,0.0,5.0,5.0,0.0,25.0,0.0,0.0,15.0,0.0,15.0,0.0,0.0,0.0,0.0,0.0,5.0,0.0,0.0,0.0,0.0,10.0,15.0,30.0,25.0,25.0,25.0,5.0,10.0,35.0,50.0,15.0,0.0,0.0,0.0,0.0,5.0,0.0,0.0,25.0,5.0,0.0,0.0,0.0,5.0,15.0,20.0,5.0,0.0,15.0,0.0,0.0,0.0,0.0,0.0,0.0,0.0,10.0,0.0,0.0,0.0,10.0,0.0,0.0,0.0
100,Bolivia,44,70.45,40.91,43.18,63.64,11.36,43.18,61.36,40.91,2.27,18.18,9.09,6.82,11.36,0.0,2.27,2.27,4.55,4.55,0.0,4.55,11.36,0.0,4.55,2.27,11.36,2.27,36.36,2.27,0.0,0.0,0.0,18.18,0.0,0.0,0.0,0.0,0.0,4.55,0.0,0.0,0.0,4.55,2.27,22.73,40.91,25.0,45.45,59.09,15.91,22.73,45.45,61.36,25.0,2.27,0.0,9.09,4.55,4.55,0.0,6.82,15.91,0.0,2.27,22.73,4.55,2.27,22.73,2.27,2.27,0.0,18.18,0.0,2.27,0.0,2.27,2.27,0.0,11.36,9.09,2.27,0.0,0.0,13.64,9.09,2.27,2.27
101,Malaysia,206,73.79,32.04,31.55,56.8,21.84,44.17,64.56,48.06,6.8,16.02,15.53,5.34,2.91,1.46,2.43,6.8,2.91,4.85,6.31,3.88,16.99,2.91,11.65,6.31,7.28,6.31,34.95,2.43,1.94,3.4,1.94,17.48,1.46,2.43,3.4,1.94,1.46,9.22,3.88,1.46,1.94,2.91,5.34,17.96,37.38,26.7,38.83,36.41,13.59,17.96,44.17,55.34,17.48,1.94,2.43,1.94,2.43,11.17,2.91,8.74,10.19,3.4,3.4,27.67,5.34,1.46,21.36,9.71,3.4,1.46,16.5,0.97,0.97,2.43,1.46,1.46,8.25,8.25,6.31,0.49,0.97,2.91,5.34,2.43,2.43,1.94
102,Sri Lanka,296,76.69,39.86,28.38,54.73,20.61,52.36,66.55,54.73,5.07,16.89,9.12,1.35,1.01,0.34,2.7,6.08,2.36,1.35,3.04,2.36,24.32,1.01,9.12,5.41,2.03,2.36,38.18,0.68,0.34,1.35,0.34,18.24,0.34,1.01,1.35,1.01,0.68,3.04,2.7,1.01,0.34,1.01,1.35,12.5,50.68,20.95,45.61,48.31,13.51,25.0,49.66,66.89,16.55,1.69,1.35,2.7,1.69,17.57,7.09,13.18,8.11,2.36,0.68,38.85,0.68,3.04,20.61,6.42,2.03,1.01,22.97,1.01,0.68,2.7,2.03,2.7,8.45,6.08,6.08,3.04,1.35,3.04,3.72,1.35,1.35,1.01
103,Lao People's Democratic Republic,7,85.71,28.57,14.29,42.86,14.29,85.71,57.14,0.0,0.0,0.0,0.0,0.0,0.0,0.0,0.0,14.29,0.0,14.29,0.0,0.0,0.0,0.0,0.0,0.0,0.0,0.0,28.57,0.0,0.0,0.0,0.0,14.29,0.0,0.0,0.0,0.0,0.0,0.0,0.0,0.0,0.0,0.0,0.0,14.29,42.86,0.0,28.57,71.43,0.0,42.86,28.57,57.14,0.0,0.0,0.0,0.0,0.0,0.0,0.0,0.0,14.29,0.0,0.0,0.0,0.0,0.0,14.29,0.0,0.0,0.0,14.29,0.0,0.0,0.0,0.0,0.0,0.0,14.29,14.29,0.0,0.0,0.0,0.0,0.0,0.0,0.0
104,Guatemala,54,77.78,38.89,40.74,61.11,25.93,55.56,62.96,38.89,3.7,20.37,16.67,0.0,5.56,0.0,0.0,5.56,3.7,7.41,7.41,1.85,16.67,0.0,12.96,14.81,12.96,1.85,35.19,1.85,0.0,0.0,0.0,16.67,0.0,1.85,0.0,0.0,0.0,5.56,5.56,1.85,0.0,1.85,0.0,20.37,48.15,29.63,48.15,50.0,18.52,27.78,42.59,53.7,27.78,3.7,1.85,3.7,5.56,16.67,3.7,11.11,16.67,5.56,5.56,24.07,3.7,7.41,14.81,7.41,3.7,3.7,20.37,3.7,1.85,1.85,5.56,3.7,14.81,11.11,14.81,1.85,0.0,1.85,20.37,7.41,5.56,1.85
105,Azerbaijan,69,63.77,28.99,37.68,43.48,26.09,49.28,56.52,33.33,10.14,7.25,10.14,5.8,4.35,1.45,0.0,11.59,2.9,2.9,1.45,2.9,20.29,0.0,7.25,0.0,4.35,0.0,24.64,0.0,0.0,0.0,0.0,11.59,1.45,1.45,0.0,1.45,2.9,1.45,4.35,1.45,0.0,1.45,1.45,15.94,34.78,30.43,33.33,36.23,10.14,26.09,31.88,50.72,13.04,0.0,0.0,1.45,1.45,23.19,2.9,13.04,4.35,0.0,0.0,27.54,1.45,1.45,15.94,5.8,0.0,0.0,15.94,0.0,0.0,1.45,4.35,1.45,5.8,7.25,7.25,1.45,0.0,1.45,1.45,0.0,0.0,0.0
106,Suriname,4,50.0,0.0,25.0,75.0,25.0,75.0,75.0,50.0,0.0,50.0,0.0,25.0,0.0,0.0,0.0,25.0,0.0,0.0,0.0,25.0,0.0,0.0,25.0,0.0,0.0,0.0,25.0,0.0,0.0,0.0,0.0,0.0,0.0,0.0,0.0,0.0,0.0,0.0,0.0,0.0,0.0,0.0,0.0,25.0,25.0,25.0,75.0,100.0,50.0,50.0,75.0,75.0,0.0,0.0,0.0,0.0,0.0,25.0,0.0,0.0,0.0,0.0,0.0,25.0,0.0,0.0,25.0,0.0,0.0,0.0,0.0,0.0,0.0,0.0,0.0,0.0,50.0,0.0,0.0,0.0,0.0,25.0,50.0,0.0,0.0,0.0
107,El Salvador,45,64.44,37.78,26.67,62.22,17.78,31.11,57.78,40.0,8.89,22.22,6.67,4.44,2.22,2.22,4.44,4.44,0.0,8.89,4.44,2.22,8.89,2.22,15.56,6.67,6.67,2.22,31.11,0.0,2.22,0.0,0.0,8.89,0.0,0.0,2.22,0.0,0.0,0.0,2.22,0.0,0.0,0.0,0.0,20.0,37.78,26.67,37.78,44.44,20.0,28.89,35.56,48.89,20.0,8.89,0.0,2.22,2.22,17.78,4.44,6.67,4.44,13.33,6.67,26.67,0.0,2.22,22.22,4.44,2.22,0.0,15.56,2.22,2.22,2.22,2.22,4.44,11.11,4.44,11.11,2.22,2.22,4.44,8.89,4.44,2.22,0.0
108,Syrian Arab Republic,35,65.71,34.29,37.14,51.43,22.86,34.29,60.0,31.43,8.57,5.71,5.71,0.0,5.71,0.0,0.0,2.86,0.0,5.71,2.86,2.86,14.29,0.0,5.71,2.86,2.86,0.0,25.71,0.0,0.0,0.0,0.0,22.86,0.0,0.0,2.86,2.86,0.0,0.0,0.0,0.0,0.0,0.0,0.0,14.29,40.0,31.43,42.86,31.43,5.71,11.43,34.29,62.86,5.71,0.0,0.0,0.0,2.86,25.71,0.0,8.57,0.0,2.86,0.0,17.14,0.0,0.0,17.14,0.0,0.0,0.0,34.29,0.0,0.0,0.0,0.0,0.0,2.86,0.0,0.0,0.0,0.0,0.0,2.86,5.71,0.0,0.0
109,Qatar,20,70.0,20.0,20.0,35.0,30.0,60.0,65.0,20.0,5.0,25.0,0.0,0.0,0.0,0.0,0.0,0.0,0.0,0.0,15.0,0.0,25.0,5.0,15.0,5.0,5.0,0.0,30.0,0.0,0.0,0.0,0.0,20.0,0.0,0.0,0.0,0.0,0.0,0.0,0.0,0.0,0.0,0.0,5.0,10.0,25.0,15.0,40.0,60.0,15.0,25.0,45.0,50.0,5.0,5.0,0.0,0.0,0.0,20.0,15.0,5.0,5.0,0.0,0.0,15.0,0.0,0.0,30.0,5.0,5.0,5.0,25.0,0.0,0.0,10.0,5.0,0.0,10.0,0.0,0.0,0.0,5.0,0.0,5.0,5.0,5.0,0.0
110,Nigeria,517,73.69,29.79,10.25,34.04,9.67,42.17,70.21,20.89,4.26,11.41,6.96,2.9,0.19,0.58,0.39,6.19,0.77,1.93,2.32,0.39,8.51,0.97,5.8,4.26,3.29,0.77,25.92,0.77,0.39,3.29,0.58,11.61,2.32,0.19,0.77,0.39,0.58,1.74,6.0,0.19,0.58,1.55,2.32,14.31,37.14,12.57,34.04,47.39,11.99,21.28,46.42,60.15,13.93,0.97,1.16,1.55,1.16,12.19,2.9,8.9,6.77,2.32,2.32,15.09,1.55,2.32,19.73,9.09,2.9,1.16,17.6,0.77,0.97,1.55,1.93,1.74,6.0,15.86,6.77,1.16,0.97,3.29,5.22,0.97,2.32,2.51
111,Kyrgyzstan,22,77.27,27.27,40.91,50.0,18.18,31.82,63.64,40.91,9.09,22.73,13.64,13.64,13.64,4.55,4.55,18.18,4.55,9.09,13.64,4.55,9.09,9.09,9.09,4.55,9.09,9.09,13.64,9.09,4.55,0.0,4.55,9.09,4.55,4.55,13.64,13.64,9.09,13.64,4.55,4.55,4.55,4.55,4.55,13.64,36.36,18.18,27.27,22.73,4.55,22.73,18.18,36.36,4.55,0.0,0.0,0.0,0.0,13.64,0.0,4.55,9.09,4.55,4.55,22.73,0.0,4.55,4.55,9.09,4.55,0.0,0.0,0.0,0.0,0.0,4.55,4.55,4.55,0.0,0.0,0.0,0.0,0.0,4.55,4.55,0.0,0.0
112,Zimbabwe,30,60.0,23.33,23.33,50.0,13.33,36.67,53.33,46.67,3.33,10.0,6.67,6.67,0.0,0.0,0.0,3.33,3.33,0.0,3.33,3.33,13.33,3.33,0.0,0.0,10.0,0.0,30.0,0.0,0.0,6.67,0.0,10.0,0.0,0.0,3.33,0.0,0.0,3.33,0.0,0.0,0.0,3.33,0.0,10.0,20.0,13.33,46.67,33.33,10.0,6.67,43.33,50.0,16.67,0.0,0.0,6.67,3.33,23.33,0.0,6.67,0.0,3.33,0.0,30.0,3.33,0.0,23.33,10.0,0.0,3.33,33.33,0.0,0.0,0.0,0.0,0.0,0.0,6.67,0.0,0.0,0.0,0.0,0.0,0.0,0.0,0.0
113,Rwanda,20,90.0,50.0,15.0,60.0,30.0,65.0,60.0,55.0,5.0,20.0,25.0,5.0,0.0,0.0,5.0,0.0,0.0,5.0,0.0,0.0,30.0,0.0,5.0,0.0,0.0,0.0,50.0,0.0,0.0,0.0,0.0,30.0,0.0,0.0,0.0,0.0,0.0,0.0,5.0,0.0,0.0,0.0,0.0,15.0,45.0,25.0,40.0,65.0,15.0,30.0,40.0,65.0,35.0,0.0,0.0,5.0,0.0,10.0,5.0,5.0,15.0,0.0,0.0,25.0,0.0,0.0,20.0,0.0,5.0,0.0,40.0,0.0,0.0,0.0,0.0,0.0,0.0,15.0,5.0,0.0,0.0,0.0,0.0,0.0,0.0,0.0
114,Georgia,105,60.0,26.67,26.67,46.67,21.9,48.57,49.52,21.9,2.86,20.95,14.29,8.57,0.95,0.95,0.0,9.52,0.95,5.71,4.76,2.86,10.48,0.95,5.71,1.9,1.9,5.71,18.1,0.95,0.0,0.0,0.0,3.81,1.9,0.0,1.9,0.95,0.0,8.57,3.81,0.0,0.0,0.0,0.0,21.9,38.1,24.76,39.05,28.57,10.48,20.95,30.48,44.76,15.24,1.9,0.95,1.9,3.81,20.0,1.9,9.52,9.52,6.67,1.9,9.52,0.0,1.9,14.29,4.76,0.95,0.0,6.67,0.0,0.0,2.86,2.86,3.81,1.9,15.24,5.71,0.95,0.95,0.0,0.95,0.0,1.9,0.0
115,Cambodia,35,82.86,42.86,37.14,40.0,31.43,37.14,74.29,42.86,2.86,14.29,11.43,11.43,2.86,2.86,5.71,8.57,2.86,17.14,11.43,2.86,20.0,2.86,8.57,11.43,2.86,8.57,48.57,2.86,2.86,2.86,2.86,14.29,2.86,2.86,2.86,0.0,2.86,8.57,2.86,2.86,2.86,2.86,5.71,22.86,62.86,25.71,34.29,48.57,14.29,17.14,42.86,48.57,28.57,2.86,2.86,2.86,5.71,17.14,2.86,8.57,17.14,2.86,2.86,48.57,2.86,5.71,22.86,8.57,5.71,2.86,31.43,2.86,2.86,0.0,2.86,5.71,2.86,20.0,25.71,2.86,2.86,5.71,8.57,2.86,2.86,2.86
116,Malawi,14,71.43,42.86,42.86,50.0,21.43,42.86,85.71,57.14,0.0,21.43,14.29,0.0,0.0,0.0,0.0,7.14,0.0,0.0,0.0,0.0,14.29,0.0,7.14,21.43,0.0,0.0,28.57,0.0,0.0,0.0,0.0,21.43,0.0,0.0,0.0,0.0,0.0,0.0,0.0,0.0,0.0,0.0,0.0,21.43,35.71,21.43,35.71,64.29,21.43,21.43,64.29,50.0,35.71,0.0,0.0,0.0,7.14,7.14,0.0,0.0,7.14,0.0,7.14,42.86,7.14,7.14,28.57,0.0,0.0,0.0,35.71,0.0,0.0,7.14,0.0,7.14,0.0,0.0,7.14,0.0,0.0,21.43,21.43,0.0,0.0,0.0
117,Yemen,14,42.86,14.29,57.14,50.0,14.29,28.57,57.14,42.86,7.14,14.29,21.43,0.0,14.29,7.14,0.0,0.0,0.0,0.0,14.29,7.14,14.29,0.0,7.14,0.0,7.14,7.14,35.71,0.0,0.0,0.0,0.0,50.0,0.0,0.0,0.0,0.0,0.0,21.43,0.0,7.14,0.0,7.14,7.14,7.14,14.29,42.86,35.71,35.71,7.14,7.14,28.57,35.71,7.14,7.14,0.0,7.14,7.14,14.29,0.0,0.0,14.29,7.14,7.14,21.43,0.0,0.0,21.43,7.14,0.0,7.14,42.86,7.14,7.14,7.14,7.14,7.14,0.0,7.14,7.14,7.14,0.0,0.0,7.14,14.29,7.14,0.0
118,Fiji,2,100.0,50.0,50.0,50.0,0.0,100.0,100.0,50.0,0.0,50.0,50.0,0.0,0.0,0.0,0.0,0.0,0.0,0.0,0.0,0.0,0.0,0.0,0.0,0.0,0.0,0.0,100.0,0.0,0.0,0.0,0.0,0.0,0.0,0.0,0.0,0.0,0.0,0.0,0.0,0.0,0.0,0.0,0.0,50.0,0.0,0.0,0.0,50.0,50.0,50.0,50.0,50.0,0.0,0.0,0.0,0.0,50.0,100.0,0.0,0.0,0.0,0.0,0.0,100.0,0.0,0.0,50.0,0.0,0.0,0.0,50.0,0.0,0.0,0.0,0.0,0.0,50.0,0.0,50.0,0.0,0.0,0.0,0.0,0.0,50.0,0.0
119,Nomadic,37,70.27,35.14,32.43,45.95,18.92,45.95,51.35,24.32,0.0,18.92,5.41,8.11,5.41,2.7,2.7,8.11,0.0,8.11,8.11,2.7,16.22,2.7,0.0,0.0,2.7,2.7,27.03,0.0,0.0,8.11,0.0,5.41,2.7,0.0,2.7,0.0,0.0,8.11,0.0,0.0,2.7,2.7,2.7,13.51,37.84,18.92,29.73,32.43,13.51,24.32,24.32,35.14,10.81,0.0,0.0,0.0,2.7,16.22,8.11,10.81,8.11,5.41,5.41,5.41,2.7,0.0,8.11,10.81,2.7,0.0,0.0,0.0,0.0,0.0,2.7,0.0,0.0,0.0,10.81,0.0,0.0,0.0,0.0,2.7,0.0,0.0
120,Uganda,63,73.02,26.98,14.29,57.14,14.29,44.44,76.19,44.44,0.0,12.7,11.11,7.94,0.0,0.0,0.0,6.35,0.0,1.59,0.0,1.59,23.81,0.0,4.76,3.17,1.59,0.0,44.44,0.0,0.0,1.59,0.0,17.46,0.0,1.59,0.0,4.76,0.0,1.59,3.17,0.0,0.0,1.59,4.76,15.87,25.4,14.29,50.79,44.44,7.94,23.81,49.21,55.56,17.46,0.0,0.0,1.59,1.59,9.52,1.59,9.52,4.76,3.17,1.59,28.57,3.17,0.0,30.16,7.94,6.35,1.59,20.63,0.0,0.0,4.76,0.0,0.0,3.17,6.35,4.76,0.0,0.0,0.0,7.94,0.0,0.0,0.0
121,Albania,59,61.02,30.51,30.51,49.15,20.34,32.2,61.02,50.85,1.69,13.56,8.47,6.78,1.69,1.69,1.69,13.56,1.69,1.69,5.08,1.69,13.56,3.39,6.78,3.39,3.39,1.69,25.42,1.69,1.69,5.08,1.69,5.08,1.69,1.69,1.69,3.39,1.69,5.08,1.69,1.69,1.69,1.69,1.69,16.95,35.59,27.12,33.9,27.12,13.56,27.12,38.98,55.93,13.56,1.69,1.69,6.78,3.39,16.95,5.08,10.17,8.47,1.69,1.69,32.2,3.39,1.69,13.56,8.47,1.69,1.69,8.47,1.69,1.69,1.69,3.39,3.39,6.78,8.47,6.78,3.39,1.69,1.69,5.08,3.39,3.39,1.69
122,Timor-Leste,4,75.0,0.0,25.0,50.0,50.0,75.0,25.0,0.0,0.0,0.0,0.0,0.0,0.0,0.0,0.0,0.0,0.0,0.0,0.0,0.0,0.0,0.0,0.0,0.0,0.0,0.0,25.0,0.0,0.0,25.0,0.0,0.0,0.0,0.0,25.0,0.0,0.0,0.0,0.0,0.0,0.0,0.0,0.0,25.0,0.0,25.0,50.0,75.0,0.0,25.0,25.0,50.0,0.0,0.0,0.0,0.0,0.0,50.0,0.0,0.0,0.0,0.0,0.0,0.0,0.0,0.0,25.0,25.0,0.0,0.0,0.0,0.0,0.0,0.0,0.0,0.0,0.0,0.0,0.0,0.0,0.0,0.0,25.0,0.0,0.0,0.0
123,Mongolia,19,68.42,31.58,31.58,57.89,26.32,42.11,52.63,63.16,0.0,21.05,15.79,0.0,0.0,0.0,0.0,10.53,0.0,10.53,0.0,0.0,31.58,0.0,15.79,10.53,10.53,0.0,31.58,0.0,0.0,5.26,0.0,21.05,0.0,0.0,0.0,0.0,0.0,0.0,5.26,0.0,0.0,0.0,0.0,10.53,42.11,26.32,26.32,47.37,10.53,57.89,31.58,42.11,31.58,0.0,0.0,5.26,10.53,21.05,5.26,10.53,15.79,10.53,0.0,31.58,5.26,5.26,15.79,10.53,0.0,0.0,36.84,0.0,0.0,5.26,0.0,10.53,10.53,15.79,10.53,0.0,0.0,0.0,5.26,0.0,0.0,0.0
124,Republic of Moldova,37,67.57,29.73,29.73,56.76,16.22,16.22,62.16,37.84,0.0,16.22,10.81,0.0,13.51,2.7,0.0,8.11,0.0,2.7,0.0,0.0,8.11,5.41,5.41,0.0,5.41,0.0,35.14,0.0,0.0,0.0,0.0,5.41,0.0,2.7,0.0,0.0,2.7,5.41,0.0,0.0,0.0,0.0,0.0,16.22,32.43,21.62,40.54,27.03,8.11,13.51,35.14,43.24,10.81,0.0,0.0,0.0,5.41,10.81,0.0,0.0,5.41,0.0,0.0,27.03,2.7,0.0,13.51,5.41,0.0,0.0,10.81,0.0,0.0,0.0,0.0,2.7,2.7,5.41,5.41,0.0,0.0,0.0,0.0,8.11,0.0,0.0
125,Tajikistan,11,63.64,18.18,27.27,54.55,9.09,27.27,45.45,27.27,0.0,9.09,9.09,0.0,9.09,0.0,0.0,0.0,0.0,0.0,9.09,0.0,9.09,0.0,0.0,9.09,18.18,0.0,45.45,0.0,0.0,0.0,0.0,9.09,0.0,0.0,0.0,0.0,0.0,9.09,0.0,0.0,0.0,0.0,0.0,9.09,18.18,18.18,45.45,45.45,9.09,0.0,27.27,45.45,9.09,0.0,0.0,0.0,9.09,9.09,0.0,0.0,9.09,0.0,0.0,18.18,0.0,0.0,18.18,9.09,0.0,0.0,9.09,0.0,0.0,0.0,0.0,0.0,0.0,0.0,0.0,0.0,0.0,0.0,9.09,9.09,9.09,0.0
126,Ghana,86,73.26,31.4,15.12,48.84,24.42,50.0,60.47,30.23,3.49,9.3,9.3,2.33,1.16,0.0,2.33,6.98,1.16,4.65,6.98,2.33,10.47,1.16,5.81,4.65,3.49,1.16,27.91,0.0,0.0,0.0,0.0,20.93,0.0,1.16,1.16,1.16,2.33,3.49,2.33,0.0,0.0,0.0,3.49,18.6,43.02,15.12,34.88,54.65,11.63,22.09,44.19,56.98,19.77,2.33,0.0,5.81,4.65,17.44,6.98,11.63,16.28,4.65,4.65,19.77,3.49,1.16,20.93,5.81,4.65,0.0,26.74,1.16,0.0,1.16,4.65,1.16,8.14,12.79,6.98,1.16,0.0,3.49,6.98,1.16,1.16,0.0
127,United Republic of Tanzania,28,78.57,28.57,14.29,53.57,21.43,50.0,71.43,35.71,0.0,3.57,21.43,7.14,0.0,0.0,0.0,10.71,0.0,3.57,3.57,0.0,25.0,0.0,10.71,0.0,3.57,3.57,46.43,0.0,0.0,0.0,0.0,28.57,0.0,0.0,0.0,0.0,0.0,0.0,7.14,0.0,0.0,0.0,7.14,14.29,32.14,17.86,32.14,64.29,3.57,21.43,46.43,60.71,28.57,3.57,3.57,3.57,3.57,0.0,0.0,0.0,3.57,7.14,3.57,21.43,3.57,0.0,21.43,0.0,3.57,3.57,32.14,3.57,3.57,7.14,3.57,7.14,7.14,10.71,3.57,3.57,3.57,3.57,3.57,3.57,3.57,3.57
128,Myanmar,53,66.04,24.53,13.21,35.85,15.09,30.19,75.47,35.85,0.0,9.43,3.77,3.77,0.0,0.0,0.0,1.89,0.0,0.0,0.0,0.0,9.43,0.0,3.77,1.89,1.89,0.0,43.4,0.0,0.0,5.66,0.0,13.21,0.0,0.0,0.0,0.0,0.0,3.77,0.0,0.0,0.0,0.0,3.77,9.43,43.4,5.66,28.3,33.96,9.43,16.98,45.28,60.38,15.09,3.77,0.0,1.89,1.89,11.32,1.89,7.55,15.09,1.89,3.77,28.3,1.89,3.77,30.19,13.21,1.89,1.89,18.87,0.0,0.0,0.0,0.0,5.66,7.55,3.77,7.55,1.89,0.0,1.89,5.66,0.0,1.89,0.0
129,Kuwait,20,60.0,35.0,35.0,20.0,25.0,70.0,55.0,40.0,5.0,20.0,15.0,10.0,20.0,10.0,5.0,5.0,10.0,15.0,15.0,10.0,15.0,5.0,10.0,5.0,5.0,5.0,25.0,15.0,10.0,0.0,5.0,15.0,10.0,5.0,15.0,10.0,5.0,20.0,5.0,10.0,10.0,5.0,5.0,15.0,30.0,25.0,25.0,35.0,25.0,20.0,40.0,40.0,20.0,10.0,10.0,10.0,10.0,30.0,5.0,10.0,35.0,25.0,10.0,20.0,10.0,10.0,10.0,0.0,10.0,10.0,30.0,5.0,10.0,5.0,10.0,15.0,15.0,10.0,15.0,10.0,10.0,10.0,15.0,10.0,10.0,10.0
130,Cameroon,34,61.76,29.41,17.65,61.76,26.47,50.0,73.53,55.88,17.65,11.76,14.71,0.0,0.0,2.94,0.0,0.0,0.0,0.0,5.88,0.0,50.0,0.0,8.82,2.94,2.94,0.0,58.82,2.94,0.0,0.0,0.0,29.41,2.94,0.0,2.94,5.88,0.0,0.0,0.0,0.0,2.94,0.0,0.0,2.94,35.29,17.65,41.18,55.88,5.88,17.65,58.82,70.59,23.53,0.0,2.94,5.88,2.94,14.71,2.94,17.65,5.88,2.94,0.0,29.41,8.82,2.94,29.41,11.76,0.0,0.0,26.47,5.88,0.0,2.94,0.0,2.94,11.76,0.0,5.88,0.0,2.94,8.82,2.94,2.94,2.94,2.94
131,Kosovo,29,89.66,37.93,51.72,55.17,6.9,37.93,65.52,44.83,6.9,13.79,24.14,0.0,0.0,0.0,0.0,3.45,3.45,0.0,0.0,0.0,3.45,0.0,13.79,0.0,0.0,0.0,48.28,0.0,0.0,0.0,0.0,10.34,0.0,0.0,0.0,0.0,0.0,6.9,3.45,0.0,0.0,0.0,0.0,6.9,37.93,20.69,24.14,34.48,10.34,17.24,27.59,55.17,20.69,0.0,0.0,3.45,0.0,3.45,0.0,6.9,13.79,0.0,0.0,31.03,0.0,0.0,20.69,10.34,0.0,0.0,6.9,0.0,0.0,0.0,0.0,3.45,6.9,6.9,0.0,3.45,0.0,0.0,3.45,0.0,0.0,0.0
132,Jamaica,22,72.73,45.45,31.82,50.0,22.73,50.0,86.36,40.91,0.0,4.55,18.18,9.09,0.0,0.0,0.0,4.55,0.0,4.55,0.0,0.0,18.18,0.0,9.09,0.0,4.55,0.0,40.91,0.0,0.0,4.55,0.0,31.82,0.0,0.0,0.0,0.0,0.0,4.55,0.0,0.0,0.0,4.55,0.0,27.27,45.45,36.36,45.45,63.64,4.55,31.82,68.18,63.64,22.73,4.55,4.55,0.0,9.09,27.27,9.09,18.18,13.64,0.0,0.0,40.91,0.0,0.0,27.27,4.55,0.0,4.55,22.73,0.0,0.0,4.55,4.55,0.0,13.64,4.55,18.18,0.0,0.0,0.0,4.55,0.0,4.55,4.55
133,Benin,11,72.73,27.27,9.09,36.36,36.36,63.64,45.45,27.27,9.09,18.18,9.09,18.18,0.0,0.0,0.0,0.0,0.0,9.09,0.0,9.09,18.18,0.0,9.09,9.09,0.0,9.09,54.55,0.0,0.0,0.0,9.09,54.55,9.09,0.0,0.0,9.09,0.0,18.18,9.09,0.0,18.18,0.0,0.0,36.36,18.18,27.27,36.36,45.45,18.18,27.27,36.36,63.64,36.36,9.09,0.0,27.27,0.0,36.36,9.09,27.27,18.18,18.18,9.09,0.0,0.0,0.0,45.45,0.0,0.0,0.0,18.18,0.0,0.0,9.09,0.0,0.0,9.09,0.0,9.09,0.0,9.09,0.0,0.0,0.0,0.0,9.09
134,Botswana,6,66.67,33.33,33.33,33.33,33.33,66.67,83.33,50.0,0.0,16.67,0.0,0.0,0.0,0.0,0.0,0.0,0.0,0.0,0.0,0.0,33.33,0.0,33.33,16.67,16.67,0.0,16.67,0.0,0.0,0.0,0.0,0.0,0.0,0.0,0.0,0.0,0.0,0.0,16.67,0.0,16.67,0.0,0.0,0.0,50.0,0.0,0.0,50.0,0.0,0.0,33.33,33.33,0.0,0.0,0.0,0.0,0.0,0.0,0.0,0.0,0.0,0.0,0.0,0.0,0.0,0.0,16.67,16.67,0.0,0.0,0.0,0.0,0.0,0.0,0.0,0.0,0.0,16.67,0.0,0.0,0.0,0.0,16.67,0.0,0.0,0.0
135,Niger,3,33.33,0.0,0.0,33.33,33.33,33.33,33.33,33.33,0.0,0.0,0.0,0.0,0.0,0.0,0.0,0.0,0.0,0.0,0.0,0.0,0.0,0.0,0.0,0.0,33.33,0.0,0.0,0.0,0.0,0.0,0.0,0.0,0.0,0.0,0.0,0.0,0.0,0.0,0.0,0.0,0.0,0.0,0.0,33.33,0.0,0.0,66.67,66.67,0.0,0.0,33.33,66.67,0.0,0.0,0.0,0.0,0.0,33.33,33.33,0.0,0.0,0.0,0.0,33.33,33.33,0.0,0.0,0.0,0.0,0.0,0.0,0.0,0.0,0.0,0.0,0.0,0.0,0.0,0.0,0.0,0.0,0.0,0.0,0.0,0.0,0.0
136,Palestine,34,61.76,32.35,29.41,41.18,14.71,44.12,55.88,35.29,2.94,20.59,17.65,2.94,2.94,0.0,2.94,5.88,5.88,5.88,5.88,2.94,11.76,2.94,5.88,5.88,0.0,2.94,23.53,0.0,2.94,0.0,0.0,17.65,0.0,0.0,2.94,0.0,0.0,5.88,0.0,0.0,0.0,2.94,5.88,11.76,38.24,23.53,26.47,47.06,17.65,23.53,26.47,47.06,11.76,0.0,0.0,0.0,0.0,20.59,0.0,8.82,5.88,8.82,0.0,11.76,0.0,0.0,5.88,5.88,2.94,0.0,14.71,0.0,0.0,2.94,0.0,0.0,2.94,0.0,0.0,0.0,2.94,0.0,8.82,0.0,0.0,2.94
137,Cape Verde,4,100.0,25.0,25.0,50.0,25.0,25.0,100.0,25.0,0.0,0.0,0.0,0.0,0.0,0.0,0.0,0.0,0.0,25.0,0.0,0.0,25.0,25.0,25.0,0.0,0.0,0.0,50.0,0.0,0.0,0.0,0.0,0.0,0.0,0.0,0.0,0.0,0.0,0.0,0.0,0.0,0.0,0.0,0.0,25.0,100.0,25.0,25.0,75.0,0.0,50.0,50.0,75.0,25.0,0.0,0.0,25.0,0.0,50.0,0.0,50.0,0.0,0.0,0.0,75.0,25.0,0.0,50.0,0.0,0.0,0.0,50.0,0.0,0.0,0.0,25.0,0.0,0.0,0.0,25.0,0.0,0.0,0.0,25.0,0.0,0.0,0.0
138,Libyan Arab Jamahiriya,13,61.54,23.08,30.77,38.46,15.38,38.46,46.15,23.08,7.69,7.69,0.0,0.0,15.38,0.0,0.0,0.0,0.0,0.0,0.0,0.0,0.0,0.0,15.38,0.0,0.0,0.0,23.08,0.0,0.0,23.08,0.0,23.08,0.0,0.0,0.0,0.0,0.0,0.0,0.0,0.0,0.0,0.0,0.0,23.08,23.08,30.77,30.77,46.15,7.69,15.38,38.46,38.46,0.0,0.0,0.0,0.0,0.0,7.69,0.0,7.69,0.0,0.0,0.0,23.08,0.0,0.0,23.08,23.08,0.0,0.0,23.08,0.0,0.0,0.0,0.0,0.0,7.69,0.0,0.0,0.0,0.0,7.69,0.0,15.38,0.0,0.0
139,"Venezuela, Bolivarian Republic of...",119,84.03,36.97,17.65,53.78,16.81,43.7,69.75,23.53,2.52,15.97,7.56,6.72,1.68,0.0,0.0,9.24,0.0,6.72,1.68,3.36,15.97,0.84,8.4,2.52,6.72,2.52,47.06,0.84,0.0,0.84,0.0,6.72,0.0,2.52,0.84,1.68,1.68,2.52,5.04,0.0,1.68,0.0,0.84,17.65,48.74,14.29,42.86,47.06,15.13,30.25,46.22,56.3,25.21,0.84,0.0,0.84,0.84,13.45,1.68,9.24,10.92,5.88,3.36,15.97,1.68,2.52,23.53,5.04,0.84,2.52,16.81,0.0,0.84,2.52,0.84,1.68,5.04,15.13,6.72,0.0,0.84,0.0,3.36,1.68,0.84,0.0
140,Senegal,13,76.92,61.54,7.69,53.85,7.69,38.46,76.92,38.46,7.69,7.69,7.69,0.0,0.0,0.0,7.69,0.0,0.0,7.69,0.0,0.0,15.38,0.0,0.0,7.69,0.0,0.0,30.77,0.0,0.0,0.0,0.0,30.77,0.0,7.69,0.0,0.0,0.0,0.0,7.69,0.0,0.0,0.0,0.0,38.46,46.15,0.0,46.15,46.15,0.0,38.46,61.54,69.23,23.08,0.0,7.69,0.0,0.0,30.77,0.0,7.69,30.77,0.0,23.08,30.77,0.0,0.0,23.08,0.0,0.0,0.0,53.85,0.0,0.0,0.0,0.0,0.0,0.0,15.38,7.69,0.0,0.0,7.69,15.38,0.0,0.0,0.0
141,Cuba,31,70.97,38.71,32.26,45.16,12.9,54.84,74.19,32.26,6.45,29.03,9.68,6.45,3.23,0.0,3.23,6.45,6.45,6.45,12.9,3.23,12.9,0.0,16.13,6.45,3.23,0.0,22.58,9.68,0.0,0.0,0.0,22.58,0.0,0.0,6.45,0.0,0.0,0.0,6.45,0.0,0.0,0.0,0.0,32.26,51.61,35.48,19.35,41.94,22.58,25.81,48.39,51.61,12.9,0.0,0.0,3.23,3.23,16.13,0.0,9.68,3.23,6.45,0.0,25.81,0.0,0.0,6.45,3.23,0.0,3.23,12.9,0.0,0.0,3.23,3.23,6.45,6.45,9.68,9.68,6.45,0.0,3.23,0.0,0.0,0.0,0.0
142,Togo,9,55.56,22.22,33.33,44.44,22.22,33.33,77.78,55.56,0.0,11.11,22.22,11.11,22.22,0.0,0.0,0.0,0.0,11.11,11.11,0.0,33.33,0.0,0.0,22.22,11.11,0.0,44.44,0.0,0.0,0.0,0.0,44.44,0.0,0.0,11.11,11.11,0.0,22.22,22.22,0.0,0.0,0.0,11.11,33.33,33.33,22.22,55.56,66.67,11.11,33.33,33.33,11.11,22.22,11.11,11.11,0.0,0.0,0.0,0.0,0.0,11.11,0.0,11.11,22.22,11.11,0.0,11.11,0.0,0.0,11.11,22.22,0.0,0.0,0.0,0.0,0.0,0.0,11.11,0.0,0.0,11.11,11.11,33.33,0.0,0.0,0.0
143,Angola,12,66.67,33.33,33.33,41.67,8.33,25.0,58.33,16.67,16.67,8.33,25.0,8.33,8.33,8.33,0.0,8.33,8.33,0.0,8.33,8.33,16.67,8.33,8.33,8.33,0.0,8.33,41.67,8.33,8.33,8.33,8.33,41.67,8.33,8.33,8.33,8.33,8.33,0.0,0.0,16.67,16.67,0.0,8.33,0.0,25.0,33.33,41.67,33.33,8.33,16.67,33.33,66.67,16.67,16.67,8.33,0.0,16.67,25.0,8.33,0.0,25.0,8.33,8.33,8.33,0.0,16.67,25.0,8.33,8.33,16.67,41.67,8.33,8.33,8.33,8.33,8.33,8.33,0.0,8.33,8.33,16.67,8.33,0.0,8.33,16.67,0.0
144,Isle of Man,12,50.0,33.33,58.33,50.0,33.33,58.33,50.0,33.33,0.0,33.33,8.33,16.67,8.33,0.0,0.0,16.67,0.0,0.0,8.33,0.0,41.67,8.33,25.0,0.0,8.33,0.0,16.67,0.0,0.0,0.0,0.0,8.33,0.0,0.0,0.0,0.0,0.0,0.0,0.0,0.0,0.0,0.0,0.0,25.0,41.67,33.33,25.0,33.33,33.33,25.0,41.67,50.0,25.0,0.0,0.0,0.0,0.0,25.0,16.67,16.67,8.33,0.0,0.0,8.33,0.0,0.0,0.0,16.67,0.0,0.0,0.0,0.0,0.0,0.0,0.0,0.0,25.0,0.0,0.0,0.0,0.0,0.0,0.0,0.0,0.0,0.0
145,Panama,28,75.0,28.57,35.71,75.0,10.71,46.43,71.43,42.86,0.0,17.86,14.29,17.86,10.71,0.0,0.0,17.86,7.14,3.57,0.0,7.14,10.71,0.0,14.29,7.14,14.29,7.14,42.86,3.57,0.0,0.0,0.0,3.57,0.0,0.0,0.0,0.0,0.0,10.71,0.0,0.0,0.0,0.0,0.0,25.0,39.29,39.29,46.43,50.0,7.14,17.86,53.57,57.14,17.86,0.0,0.0,3.57,0.0,17.86,3.57,10.71,21.43,0.0,3.57,28.57,3.57,0.0,28.57,3.57,0.0,0.0,3.57,0.0,3.57,0.0,0.0,0.0,14.29,3.57,7.14,3.57,0.0,0.0,10.71,7.14,3.57,3.57
146,Bahamas,4,75.0,0.0,0.0,25.0,25.0,25.0,50.0,25.0,0.0,25.0,0.0,0.0,0.0,0.0,0.0,25.0,0.0,25.0,0.0,0.0,0.0,0.0,0.0,0.0,0.0,25.0,25.0,0.0,0.0,0.0,0.0,0.0,0.0,0.0,0.0,0.0,0.0,25.0,0.0,0.0,0.0,0.0,0.0,0.0,0.0,0.0,0.0,50.0,25.0,25.0,25.0,25.0,0.0,0.0,0.0,0.0,0.0,25.0,0.0,0.0,0.0,0.0,0.0,25.0,0.0,0.0,0.0,0.0,0.0,0.0,0.0,0.0,0.0,0.0,25.0,0.0,0.0,0.0,25.0,0.0,0.0,0.0,0.0,25.0,0.0,0.0
147,Paraguay,42,78.57,45.24,21.43,64.29,11.9,35.71,69.05,47.62,2.38,11.9,11.9,2.38,4.76,0.0,2.38,9.52,2.38,9.52,4.76,0.0,7.14,0.0,4.76,4.76,2.38,0.0,30.95,0.0,0.0,2.38,0.0,9.52,0.0,0.0,0.0,0.0,0.0,11.9,2.38,0.0,0.0,0.0,2.38,23.81,54.76,14.29,38.1,42.86,2.38,42.86,52.38,59.52,26.19,0.0,0.0,9.52,2.38,2.38,0.0,4.76,14.29,4.76,0.0,23.81,2.38,0.0,7.14,2.38,0.0,2.38,16.67,0.0,0.0,0.0,4.76,0.0,4.76,16.67,11.9,2.38,0.0,2.38,2.38,4.76,0.0,2.38
148,Sudan,32,71.88,25.0,18.75,53.12,21.88,25.0,65.62,34.38,9.38,3.12,3.12,3.12,0.0,0.0,0.0,3.12,0.0,0.0,3.12,0.0,18.75,0.0,0.0,3.12,6.25,0.0,43.75,0.0,0.0,3.12,0.0,18.75,0.0,0.0,0.0,0.0,0.0,0.0,0.0,0.0,0.0,3.12,0.0,3.12,31.25,6.25,34.38,40.62,0.0,15.62,46.88,56.25,12.5,0.0,0.0,0.0,0.0,3.12,3.12,3.12,0.0,0.0,0.0,15.62,3.12,0.0,18.75,9.38,3.12,0.0,31.25,0.0,0.0,0.0,0.0,0.0,0.0,0.0,6.25,0.0,0.0,3.12,9.38,0.0,0.0,6.25
149,Liberia,2,100.0,0.0,50.0,50.0,0.0,50.0,50.0,50.0,0.0,0.0,50.0,0.0,0.0,0.0,0.0,0.0,0.0,0.0,0.0,0.0,0.0,0.0,0.0,0.0,0.0,0.0,0.0,0.0,0.0,0.0,0.0,0.0,0.0,0.0,0.0,0.0,0.0,0.0,0.0,0.0,0.0,0.0,0.0,0.0,0.0,0.0,0.0,50.0,0.0,50.0,0.0,0.0,0.0,0.0,0.0,0.0,0.0,0.0,0.0,50.0,0.0,0.0,0.0,50.0,0.0,0.0,0.0,50.0,0.0,0.0,0.0,0.0,0.0,0.0,0.0,0.0,0.0,0.0,0.0,0.0,0.0,0.0,0.0,0.0,0.0,0.0
150,Bhutan,5,40.0,20.0,0.0,20.0,20.0,40.0,40.0,0.0,0.0,0.0,0.0,20.0,0.0,0.0,0.0,20.0,0.0,60.0,0.0,20.0,0.0,0.0,0.0,0.0,0.0,0.0,0.0,0.0,0.0,0.0,0.0,20.0,0.0,0.0,0.0,0.0,0.0,20.0,0.0,0.0,0.0,0.0,0.0,60.0,20.0,0.0,20.0,40.0,0.0,20.0,20.0,20.0,20.0,0.0,0.0,0.0,20.0,0.0,0.0,0.0,0.0,40.0,0.0,0.0,0.0,0.0,0.0,20.0,0.0,0.0,20.0,0.0,0.0,20.0,0.0,0.0,0.0,0.0,40.0,0.0,0.0,0.0,20.0,0.0,0.0,0.0
151,Democratic Republic of the Congo,7,100.0,42.86,28.57,42.86,0.0,71.43,57.14,28.57,0.0,0.0,14.29,0.0,0.0,0.0,0.0,0.0,0.0,0.0,0.0,0.0,14.29,0.0,0.0,0.0,14.29,0.0,28.57,0.0,0.0,0.0,0.0,57.14,0.0,0.0,0.0,0.0,0.0,0.0,0.0,0.0,0.0,0.0,0.0,28.57,28.57,14.29,28.57,71.43,0.0,0.0,28.57,85.71,14.29,0.0,0.0,0.0,0.0,0.0,0.0,14.29,0.0,0.0,0.0,14.29,0.0,0.0,28.57,0.0,0.0,0.0,57.14,0.0,0.0,0.0,14.29,0.0,0.0,0.0,0.0,0.0,0.0,0.0,0.0,0.0,0.0,0.0
152,Cte d'Ivoire,14,78.57,21.43,21.43,64.29,21.43,57.14,64.29,71.43,0.0,7.14,28.57,0.0,0.0,0.0,0.0,14.29,0.0,14.29,7.14,0.0,21.43,0.0,7.14,0.0,0.0,0.0,57.14,0.0,0.0,0.0,0.0,21.43,0.0,0.0,0.0,0.0,0.0,0.0,0.0,0.0,0.0,0.0,7.14,14.29,50.0,21.43,35.71,42.86,7.14,14.29,42.86,57.14,28.57,0.0,0.0,0.0,0.0,28.57,0.0,14.29,14.29,0.0,7.14,35.71,0.0,0.0,21.43,0.0,7.14,0.0,28.57,0.0,0.0,0.0,7.14,0.0,7.14,7.14,7.14,0.0,0.0,7.14,7.14,0.0,0.0,14.29
153,Barbados,6,83.33,33.33,33.33,50.0,16.67,50.0,83.33,16.67,0.0,33.33,0.0,0.0,0.0,0.0,0.0,0.0,0.0,0.0,0.0,0.0,0.0,0.0,16.67,16.67,16.67,0.0,50.0,0.0,0.0,0.0,0.0,0.0,0.0,0.0,0.0,0.0,0.0,0.0,0.0,0.0,0.0,0.0,0.0,16.67,33.33,16.67,33.33,50.0,16.67,16.67,50.0,50.0,0.0,0.0,0.0,0.0,0.0,16.67,0.0,0.0,0.0,0.0,0.0,0.0,0.0,0.0,33.33,16.67,0.0,0.0,0.0,0.0,0.0,0.0,0.0,0.0,0.0,0.0,0.0,0.0,0.0,0.0,16.67,0.0,0.0,0.0
154,"Congo, Republic of the...",12,58.33,33.33,25.0,58.33,8.33,16.67,66.67,33.33,0.0,0.0,8.33,0.0,8.33,0.0,0.0,8.33,0.0,0.0,0.0,0.0,33.33,0.0,0.0,0.0,25.0,0.0,41.67,0.0,0.0,8.33,0.0,16.67,0.0,0.0,0.0,0.0,0.0,0.0,0.0,0.0,0.0,0.0,0.0,25.0,41.67,25.0,58.33,41.67,0.0,16.67,58.33,66.67,25.0,0.0,0.0,8.33,0.0,8.33,0.0,8.33,16.67,0.0,0.0,33.33,0.0,0.0,33.33,8.33,0.0,0.0,33.33,0.0,0.0,0.0,0.0,0.0,0.0,8.33,0.0,0.0,0.0,0.0,0.0,8.33,0.0,0.0
155,Namibia,5,80.0,20.0,40.0,20.0,20.0,20.0,40.0,60.0,0.0,0.0,60.0,0.0,0.0,0.0,0.0,0.0,0.0,0.0,0.0,0.0,0.0,0.0,0.0,0.0,0.0,0.0,20.0,0.0,0.0,20.0,0.0,20.0,0.0,40.0,0.0,0.0,0.0,20.0,0.0,0.0,0.0,0.0,0.0,0.0,20.0,20.0,20.0,20.0,0.0,0.0,40.0,60.0,20.0,0.0,0.0,0.0,0.0,0.0,0.0,0.0,20.0,0.0,0.0,40.0,0.0,0.0,20.0,40.0,0.0,0.0,20.0,0.0,0.0,0.0,0.0,0.0,20.0,0.0,0.0,0.0,0.0,0.0,0.0,0.0,0.0,0.0
156,Somalia,12,50.0,16.67,8.33,58.33,33.33,16.67,58.33,16.67,0.0,0.0,16.67,0.0,0.0,0.0,0.0,0.0,0.0,0.0,0.0,0.0,8.33,0.0,0.0,0.0,0.0,0.0,41.67,0.0,0.0,8.33,0.0,8.33,0.0,0.0,0.0,0.0,0.0,8.33,0.0,0.0,0.0,0.0,8.33,0.0,33.33,0.0,16.67,8.33,0.0,8.33,16.67,25.0,8.33,0.0,0.0,0.0,0.0,0.0,0.0,0.0,8.33,0.0,0.0,8.33,0.0,8.33,16.67,16.67,8.33,0.0,8.33,0.0,0.0,0.0,0.0,0.0,0.0,8.33,0.0,0.0,0.0,0.0,8.33,0.0,0.0,0.0
157,Sierra Leone,2,50.0,0.0,0.0,50.0,0.0,0.0,50.0,50.0,0.0,0.0,0.0,0.0,0.0,0.0,0.0,0.0,0.0,0.0,0.0,0.0,0.0,0.0,0.0,0.0,0.0,0.0,0.0,0.0,0.0,0.0,0.0,50.0,0.0,0.0,0.0,0.0,0.0,0.0,0.0,0.0,0.0,0.0,0.0,50.0,0.0,0.0,0.0,50.0,0.0,50.0,0.0,0.0,100.0,0.0,0.0,0.0,0.0,50.0,0.0,50.0,50.0,0.0,0.0,0.0,0.0,0.0,50.0,0.0,0.0,0.0,50.0,0.0,0.0,0.0,0.0,0.0,0.0,0.0,0.0,0.0,0.0,0.0,0.0,0.0,0.0,0.0
158,Mozambique,11,72.73,27.27,18.18,45.45,9.09,36.36,54.55,27.27,9.09,0.0,9.09,9.09,0.0,0.0,0.0,0.0,0.0,0.0,0.0,0.0,9.09,0.0,0.0,0.0,9.09,0.0,36.36,0.0,0.0,0.0,0.0,9.09,0.0,0.0,0.0,0.0,0.0,0.0,9.09,0.0,0.0,9.09,0.0,18.18,45.45,18.18,27.27,36.36,0.0,27.27,18.18,54.55,27.27,0.0,0.0,9.09,0.0,9.09,9.09,9.09,9.09,0.0,0.0,36.36,9.09,0.0,27.27,0.0,0.0,0.0,27.27,0.0,0.0,0.0,9.09,0.0,0.0,9.09,0.0,0.0,0.0,0.0,9.09,0.0,0.0,9.09
159,Lesotho,2,100.0,0.0,0.0,50.0,0.0,50.0,100.0,100.0,0.0,0.0,0.0,0.0,0.0,0.0,0.0,0.0,0.0,0.0,0.0,0.0,50.0,0.0,0.0,0.0,0.0,0.0,50.0,0.0,0.0,0.0,0.0,0.0,0.0,0.0,0.0,0.0,0.0,0.0,0.0,0.0,0.0,0.0,0.0,0.0,100.0,0.0,100.0,50.0,0.0,0.0,100.0,100.0,0.0,0.0,0.0,0.0,0.0,0.0,0.0,0.0,0.0,0.0,50.0,50.0,0.0,0.0,50.0,0.0,0.0,0.0,0.0,0.0,0.0,0.0,0.0,0.0,0.0,50.0,0.0,0.0,0.0,0.0,50.0,0.0,0.0,0.0
160,Chad,3,33.33,0.0,0.0,0.0,0.0,33.33,33.33,0.0,0.0,33.33,0.0,0.0,0.0,0.0,0.0,0.0,0.0,33.33,0.0,0.0,0.0,0.0,0.0,0.0,0.0,0.0,33.33,0.0,0.0,0.0,0.0,33.33,0.0,0.0,0.0,0.0,0.0,0.0,0.0,0.0,0.0,0.0,0.0,0.0,33.33,0.0,33.33,33.33,33.33,0.0,66.67,66.67,0.0,0.0,0.0,0.0,0.0,0.0,33.33,33.33,0.0,0.0,0.0,0.0,0.0,0.0,0.0,0.0,0.0,0.0,33.33,0.0,0.0,0.0,0.0,0.0,0.0,0.0,33.33,0.0,0.0,0.0,0.0,0.0,0.0,0.0
161,North Korea,4,75.0,25.0,50.0,25.0,75.0,100.0,50.0,75.0,25.0,50.0,25.0,25.0,25.0,25.0,25.0,50.0,25.0,25.0,50.0,25.0,100.0,25.0,50.0,25.0,50.0,25.0,50.0,75.0,25.0,0.0,25.0,25.0,25.0,50.0,25.0,25.0,25.0,50.0,25.0,25.0,25.0,25.0,25.0,25.0,25.0,50.0,25.0,25.0,50.0,50.0,50.0,25.0,25.0,25.0,25.0,25.0,25.0,25.0,25.0,50.0,25.0,25.0,25.0,25.0,25.0,25.0,25.0,50.0,25.0,25.0,25.0,25.0,25.0,25.0,25.0,25.0,25.0,25.0,25.0,25.0,25.0,25.0,25.0,25.0,25.0,25.0
162,Antigua and Barbuda,2,50.0,0.0,0.0,0.0,50.0,0.0,50.0,50.0,0.0,100.0,0.0,0.0,50.0,100.0,0.0,50.0,50.0,50.0,50.0,50.0,0.0,50.0,50.0,0.0,0.0,0.0,0.0,0.0,0.0,0.0,0.0,0.0,50.0,0.0,0.0,0.0,50.0,0.0,0.0,0.0,0.0,0.0,100.0,0.0,0.0,0.0,0.0,0.0,50.0,0.0,50.0,100.0,0.0,0.0,0.0,0.0,50.0,50.0,50.0,50.0,0.0,0.0,50.0,50.0,0.0,0.0,0.0,0.0,0.0,50.0,0.0,0.0,0.0,0.0,0.0,50.0,0.0,0.0,0.0,0.0,0.0,0.0,0.0,50.0,0.0,0.0
163,Papua New Guinea,2,50.0,0.0,0.0,50.0,50.0,100.0,100.0,0.0,0.0,0.0,0.0,0.0,0.0,0.0,0.0,0.0,0.0,0.0,0.0,0.0,50.0,0.0,0.0,0.0,0.0,0.0,0.0,0.0,0.0,0.0,0.0,0.0,0.0,0.0,0.0,0.0,0.0,0.0,0.0,0.0,0.0,0.0,0.0,0.0,0.0,50.0,50.0,50.0,0.0,0.0,0.0,0.0,0.0,0.0,50.0,0.0,0.0,50.0,0.0,50.0,0.0,0.0,0.0,50.0,0.0,0.0,50.0,50.0,0.0,0.0,0.0,0.0,0.0,0.0,0.0,0.0,0.0,0.0,50.0,0.0,0.0,0.0,0.0,0.0,0.0,0.0
164,Palau,2,50.0,0.0,50.0,50.0,0.0,50.0,50.0,0.0,0.0,0.0,0.0,50.0,0.0,0.0,0.0,0.0,0.0,50.0,0.0,0.0,0.0,50.0,0.0,0.0,0.0,0.0,0.0,50.0,0.0,0.0,0.0,0.0,0.0,0.0,0.0,0.0,0.0,0.0,0.0,0.0,0.0,0.0,0.0,50.0,0.0,50.0,50.0,0.0,0.0,0.0,50.0,50.0,0.0,0.0,0.0,0.0,0.0,0.0,0.0,0.0,0.0,0.0,0.0,0.0,0.0,0.0,0.0,0.0,0.0,0.0,0.0,0.0,0.0,0.0,0.0,50.0,0.0,0.0,50.0,0.0,0.0,0.0,0.0,0.0,50.0,0.0
165,Guinea,5,40.0,0.0,20.0,40.0,40.0,60.0,40.0,40.0,20.0,0.0,0.0,0.0,0.0,0.0,0.0,0.0,0.0,0.0,20.0,0.0,20.0,0.0,0.0,0.0,20.0,0.0,20.0,0.0,0.0,0.0,0.0,0.0,0.0,0.0,0.0,0.0,0.0,0.0,0.0,0.0,20.0,0.0,0.0,60.0,60.0,20.0,40.0,80.0,0.0,0.0,40.0,60.0,40.0,0.0,0.0,20.0,0.0,0.0,0.0,0.0,20.0,0.0,0.0,40.0,20.0,0.0,20.0,0.0,0.0,20.0,60.0,0.0,0.0,0.0,0.0,0.0,0.0,0.0,20.0,20.0,0.0,20.0,20.0,0.0,0.0,20.0
166,Haiti,3,100.0,33.33,100.0,66.67,33.33,66.67,100.0,66.67,33.33,33.33,33.33,0.0,0.0,0.0,0.0,33.33,0.0,33.33,33.33,0.0,66.67,0.0,33.33,0.0,0.0,0.0,66.67,0.0,0.0,0.0,0.0,33.33,0.0,0.0,0.0,0.0,0.0,33.33,0.0,0.0,0.0,0.0,0.0,33.33,33.33,33.33,66.67,100.0,0.0,33.33,66.67,66.67,0.0,0.0,0.0,33.33,0.0,33.33,0.0,33.33,33.33,0.0,0.0,66.67,0.0,33.33,33.33,0.0,0.0,0.0,66.67,0.0,0.0,0.0,33.33,0.0,33.33,0.0,33.33,33.33,0.0,0.0,0.0,0.0,0.0,0.0
167,Gabon,2,100.0,0.0,0.0,0.0,50.0,0.0,100.0,0.0,0.0,0.0,0.0,0.0,0.0,0.0,0.0,0.0,0.0,0.0,0.0,0.0,50.0,0.0,0.0,0.0,0.0,0.0,50.0,0.0,0.0,0.0,0.0,0.0,0.0,0.0,0.0,0.0,0.0,0.0,0.0,0.0,0.0,0.0,0.0,0.0,50.0,0.0,50.0,50.0,0.0,0.0,0.0,50.0,0.0,0.0,0.0,0.0,0.0,0.0,0.0,0.0,0.0,0.0,0.0,100.0,0.0,0.0,0.0,0.0,0.0,0.0,0.0,0.0,0.0,0.0,0.0,0.0,0.0,0.0,0.0,0.0,0.0,0.0,50.0,0.0,0.0,0.0
168,Mauritania,2,100.0,0.0,0.0,50.0,0.0,50.0,100.0,0.0,0.0,0.0,0.0,0.0,0.0,0.0,0.0,0.0,0.0,0.0,0.0,0.0,0.0,0.0,0.0,0.0,0.0,0.0,0.0,0.0,0.0,0.0,0.0,0.0,0.0,0.0,0.0,0.0,0.0,0.0,0.0,0.0,0.0,0.0,0.0,0.0,50.0,50.0,50.0,0.0,0.0,0.0,50.0,100.0,0.0,0.0,0.0,0.0,0.0,0.0,0.0,0.0,0.0,0.0,0.0,50.0,0.0,0.0,0.0,0.0,0.0,0.0,50.0,0.0,0.0,0.0,0.0,0.0,0.0,0.0,0.0,0.0,0.0,0.0,0.0,0.0,0.0,0.0
169,San Marino,1,100.0,0.0,100.0,100.0,0.0,0.0,0.0,0.0,0.0,0.0,0.0,0.0,100.0,0.0,0.0,0.0,0.0,0.0,0.0,0.0,0.0,0.0,0.0,0.0,100.0,0.0,100.0,0.0,0.0,0.0,0.0,0.0,0.0,0.0,0.0,0.0,100.0,0.0,0.0,0.0,0.0,0.0,0.0,0.0,0.0,100.0,100.0,0.0,0.0,0.0,0.0,0.0,0.0,0.0,0.0,0.0,0.0,0.0,0.0,0.0,0.0,0.0,0.0,0.0,0.0,0.0,100.0,0.0,0.0,0.0,0.0,0.0,0.0,0.0,100.0,0.0,0.0,0.0,0.0,0.0,0.0,0.0,0.0,100.0,0.0,0.0
170,Guyana,6,66.67,33.33,16.67,66.67,0.0,50.0,83.33,33.33,0.0,16.67,0.0,0.0,0.0,0.0,0.0,0.0,0.0,0.0,16.67,0.0,16.67,0.0,33.33,0.0,0.0,0.0,66.67,16.67,0.0,0.0,0.0,33.33,0.0,0.0,0.0,0.0,0.0,0.0,0.0,0.0,0.0,0.0,0.0,0.0,33.33,16.67,33.33,50.0,16.67,33.33,33.33,33.33,0.0,0.0,0.0,0.0,0.0,0.0,0.0,16.67,0.0,0.0,0.0,16.67,0.0,0.0,33.33,0.0,0.0,0.0,0.0,0.0,0.0,0.0,0.0,0.0,0.0,16.67,0.0,16.67,0.0,0.0,33.33,0.0,0.0,0.0
171,Saint Lucia,3,66.67,33.33,0.0,66.67,0.0,33.33,100.0,33.33,0.0,33.33,0.0,0.0,0.0,0.0,0.0,0.0,0.0,0.0,0.0,0.0,0.0,0.0,0.0,33.33,0.0,0.0,33.33,0.0,0.0,0.0,0.0,0.0,0.0,0.0,0.0,0.0,0.0,0.0,0.0,0.0,0.0,33.33,0.0,0.0,33.33,0.0,100.0,100.0,33.33,0.0,100.0,66.67,0.0,0.0,0.0,0.0,0.0,0.0,0.0,0.0,33.33,0.0,0.0,0.0,0.0,0.0,66.67,0.0,0.0,0.0,66.67,0.0,0.0,0.0,0.0,0.0,0.0,0.0,0.0,0.0,0.0,0.0,33.33,0.0,0.0,33.33
172,Burkina Faso,1,100.0,0.0,0.0,100.0,0.0,100.0,100.0,0.0,0.0,0.0,0.0,0.0,0.0,0.0,0.0,0.0,0.0,0.0,0.0,0.0,100.0,0.0,0.0,0.0,0.0,0.0,100.0,0.0,0.0,0.0,0.0,0.0,0.0,0.0,0.0,0.0,0.0,0.0,0.0,0.0,0.0,0.0,0.0,0.0,100.0,0.0,100.0,100.0,0.0,0.0,100.0,100.0,0.0,0.0,0.0,0.0,0.0,0.0,0.0,0.0,0.0,0.0,0.0,0.0,0.0,0.0,100.0,0.0,0.0,0.0,0.0,0.0,0.0,100.0,0.0,0.0,0.0,0.0,0.0,0.0,0.0,0.0,0.0,0.0,0.0,0.0
173,Brunei Darussalam,1,100.0,0.0,100.0,100.0,100.0,100.0,100.0,0.0,0.0,0.0,0.0,100.0,0.0,0.0,0.0,0.0,0.0,100.0,0.0,0.0,0.0,0.0,0.0,0.0,0.0,0.0,0.0,0.0,0.0,0.0,0.0,0.0,0.0,0.0,0.0,0.0,0.0,0.0,0.0,0.0,0.0,0.0,0.0,100.0,0.0,0.0,0.0,100.0,0.0,0.0,100.0,100.0,0.0,0.0,0.0,0.0,0.0,0.0,0.0,0.0,0.0,0.0,100.0,0.0,0.0,0.0,0.0,0.0,0.0,0.0,0.0,0.0,0.0,0.0,0.0,0.0,0.0,100.0,100.0,0.0,0.0,0.0,0.0,0.0,0.0,0.0
174,Gambia,2,50.0,50.0,0.0,50.0,0.0,50.0,50.0,0.0,0.0,0.0,0.0,0.0,0.0,0.0,0.0,50.0,0.0,0.0,0.0,0.0,0.0,0.0,0.0,0.0,0.0,0.0,50.0,0.0,0.0,0.0,0.0,0.0,0.0,0.0,0.0,0.0,0.0,0.0,0.0,0.0,0.0,0.0,50.0,0.0,0.0,0.0,0.0,0.0,0.0,0.0,50.0,0.0,0.0,0.0,0.0,0.0,0.0,0.0,0.0,0.0,0.0,0.0,0.0,0.0,0.0,0.0,0.0,50.0,0.0,0.0,0.0,0.0,0.0,0.0,0.0,0.0,0.0,0.0,0.0,0.0,0.0,0.0,0.0,0.0,0.0,0.0
175,Monaco,1,100.0,100.0,0.0,0.0,0.0,0.0,100.0,100.0,0.0,0.0,0.0,0.0,0.0,0.0,0.0,0.0,0.0,0.0,0.0,0.0,0.0,0.0,0.0,0.0,0.0,0.0,0.0,0.0,0.0,0.0,0.0,0.0,0.0,0.0,0.0,0.0,0.0,0.0,0.0,0.0,0.0,0.0,0.0,0.0,0.0,0.0,0.0,100.0,0.0,0.0,0.0,0.0,0.0,0.0,0.0,0.0,0.0,0.0,0.0,0.0,0.0,0.0,0.0,0.0,0.0,0.0,0.0,0.0,0.0,0.0,0.0,0.0,0.0,0.0,0.0,0.0,0.0,0.0,100.0,0.0,0.0,0.0,0.0,0.0,0.0,0.0
176,Djibouti,1,0.0,0.0,100.0,0.0,0.0,0.0,0.0,100.0,0.0,0.0,0.0,0.0,0.0,0.0,0.0,0.0,0.0,0.0,0.0,0.0,0.0,0.0,0.0,0.0,0.0,0.0,0.0,0.0,0.0,0.0,0.0,0.0,0.0,0.0,0.0,0.0,0.0,100.0,0.0,0.0,0.0,0.0,0.0,0.0,0.0,100.0,0.0,0.0,0.0,0.0,0.0,0.0,100.0,0.0,0.0,0.0,0.0,0.0,0.0,0.0,100.0,0.0,0.0,100.0,0.0,0.0,0.0,0.0,0.0,0.0,100.0,0.0,0.0,0.0,0.0,0.0,0.0,0.0,0.0,0.0,0.0,0.0,0.0,0.0,0.0,0.0
177,Seychelles,1,0.0,0.0,100.0,100.0,0.0,0.0,0.0,0.0,0.0,0.0,0.0,0.0,0.0,0.0,0.0,0.0,0.0,0.0,0.0,0.0,0.0,0.0,0.0,0.0,0.0,0.0,0.0,0.0,0.0,0.0,0.0,0.0,0.0,0.0,0.0,0.0,0.0,0.0,0.0,0.0,0.0,0.0,0.0,0.0,0.0,100.0,100.0,0.0,0.0,0.0,0.0,0.0,0.0,0.0,0.0,0.0,0.0,0.0,0.0,0.0,100.0,0.0,0.0,0.0,0.0,0.0,0.0,0.0,0.0,0.0,0.0,0.0,0.0,0.0,0.0,0.0,0.0,0.0,0.0,0.0,0.0,0.0,0.0,0.0,0.0,0.0
178,Solomon Islands,1,100.0,0.0,0.0,100.0,0.0,100.0,100.0,100.0,0.0,0.0,0.0,0.0,0.0,0.0,0.0,0.0,0.0,0.0,0.0,0.0,0.0,0.0,0.0,0.0,0.0,0.0,0.0,0.0,0.0,0.0,0.0,0.0,0.0,0.0,0.0,0.0,0.0,0.0,0.0,0.0,0.0,0.0,0.0,0.0,0.0,0.0,100.0,100.0,0.0,0.0,100.0,100.0,0.0,0.0,0.0,0.0,0.0,100.0,0.0,0.0,0.0,0.0,0.0,100.0,0.0,0.0,0.0,0.0,0.0,0.0,0.0,0.0,0.0,0.0,0.0,0.0,0.0,0.0,0.0,0.0,0.0,0.0,0.0,0.0,0.0,0.0
179,Saint Kitts and Nevis,1,0.0,0.0,0.0,100.0,0.0,100.0,100.0,0.0,100.0,0.0,0.0,0.0,0.0,0.0,0.0,0.0,0.0,0.0,0.0,0.0,0.0,0.0,0.0,100.0,0.0,0.0,0.0,0.0,0.0,0.0,0.0,0.0,0.0,100.0,0.0,0.0,0.0,0.0,0.0,0.0,0.0,100.0,0.0,0.0,0.0,100.0,0.0,0.0,0.0,0.0,0.0,100.0,0.0,0.0,0.0,0.0,0.0,100.0,0.0,0.0,0.0,0.0,0.0,0.0,0.0,0.0,0.0,0.0,0.0,0.0,0.0,0.0,0.0,0.0,0.0,0.0,0.0,0.0,0.0,0.0,0.0,0.0,0.0,0.0,0.0,0.0
