,name,total,JavaScript_use,TypeScript_use,C#_use,SQL_use,C++_use,Python_use,HTML/CSS_use,Java_use,MATLAB_use,Bash/Shell_use,Kotlin_use,Rust_use,Delphi_use,LISP_use,Scala_use,Go_use,Groovy_use,Ruby_use,Assembly_use,Lua_use,C_use,Perl_use,PowerShell_use,R_use,VBA_use,Objective-C_use,PHP_use,Haskell_use,Clojure_use,nan_use,OCaml_use,Dart_use,Fortran_use,Julia_use,Elixir_use,Erlang_use,F#_use,Swift_use,Solidity_use,Crystal_use,COBOL_use,SAS_use,APL_use,Rust_want,TypeScript_want,C#_want,SQL_want,Python_want,Bash/Shell_want,Go_want,HTML/CSS_want,JavaScript_want,Kotlin_want,Clojure_want,LISP_want,Scala_want,Lua_want,C++_want,Assembly_want,C_want,Swift_want,Elixir_want,Julia_want,Java_want,VBA_want,Objective-C_want,PHP_want,nan_want,APL_want,COBOL_want,Dart_want,Fortran_want,OCaml_want,Erlang_want,F#_want,Haskell_want,PowerShell_want,Solidity_want,Ruby_want,Groovy_want,Crystal_want,MATLAB_want,R_want,Delphi_want,Perl_want,SAS_want
0,Canada,2490,1636,936,735,1210,547,1272,1310,744,86,885,163,291,56,47,66,347,74,218,144,125,494,73,349,122,114,74,421,61,44,29,22,95,28,44,71,24,25,142,35,22,21,12,7,723,897,586,834,1000,524,547,821,1025,265,69,60,82,92,427,135,296,171,143,86,382,28,21,205,194,10,12,127,18,28,46,76,119,158,62,164,30,22,32,101,44,35,8
1,United Kingdom of Great Britain and Northern Ireland,4190,2715,1470,1376,2090,779,2082,2343,1073,99,1420,318,464,109,60,116,497,168,273,197,193,623,125,687,177,217,97,723,127,81,25,28,160,36,64,74,49,63,212,38,16,13,17,31,1112,1462,1145,1375,1594,814,831,1487,1694,436,133,77,143,131,691,181,437,287,164,118,582,56,40,341,307,36,10,219,22,54,69,152,192,351,85,210,50,30,34,147,77,54,7
2,Israel,795,460,275,226,311,188,453,331,241,35,252,61,60,11,3,32,84,45,44,67,23,161,10,93,19,17,21,77,6,9,5,1,46,3,7,9,3,3,32,10,1,2,0,2,183,270,168,196,393,152,172,213,316,105,23,9,38,18,156,42,111,45,14,20,126,7,7,36,61,2,3,51,2,4,11,17,34,48,19,31,18,4,16,22,8,10,2
3,United States of America,13543,9018,4818,4064,6975,3000,7017,7369,4073,473,5272,1017,1691,273,278,398,1916,572,1266,768,723,2394,499,2212,695,589,389,1920,290,318,95,93,458,171,261,414,165,199,808,174,100,111,97,87,3861,4765,3237,4673,5656,3165,2974,4665,5615,1457,510,380,477,616,2311,698,1635,1124,808,546,2123,177,199,909,939,119,75,676,124,219,272,522,699,1103,302,962,225,142,199,663,208,266,74
4,Germany,5395,3250,2007,1473,2540,1361,2674,2836,2224,206,1925,700,757,248,78,161,676,258,306,365,277,1175,153,704,255,275,93,1124,185,79,22,32,337,47,117,112,39,47,266,44,15,36,15,18,1496,1930,1140,1805,2212,1222,1023,1935,2044,822,136,90,154,213,999,259,664,305,204,201,1157,54,38,531,285,22,19,372,23,38,86,112,248,348,83,207,104,26,56,168,172,63,7
5,India,6639,4205,1743,1052,2804,1733,3081,3697,2501,273,946,560,255,21,34,120,532,136,228,204,105,1643,86,429,240,167,165,1262,58,36,146,12,637,28,64,49,23,13,273,135,16,31,31,46,1093,2310,832,2125,3094,764,1673,2389,3383,958,100,73,252,128,1151,224,679,508,188,166,1735,85,125,645,524,72,37,887,49,47,104,73,177,365,508,346,105,35,167,371,35,82,59
6,Netherlands,1555,1012,626,517,809,307,714,864,480,54,452,158,200,93,13,47,193,42,83,85,82,242,32,203,82,64,28,398,62,22,8,3,75,15,29,35,19,18,75,21,4,8,9,6,417,598,424,564,572,293,290,586,650,201,32,17,43,61,249,64,148,87,70,49,256,25,15,188,68,10,10,88,6,9,27,51,75,107,29,73,14,5,17,44,77,19,4
7,Croatia,192,122,72,67,93,48,72,106,71,7,46,25,16,10,2,5,16,6,6,13,3,48,2,13,13,12,3,32,1,2,0,1,14,3,2,7,2,1,12,3,1,3,2,2,44,70,50,70,61,28,23,66,84,30,5,4,4,4,31,11,22,13,10,3,37,1,1,17,6,2,1,12,5,2,4,7,8,8,5,8,1,0,3,6,7,1,0
8,Australia,1462,979,555,491,724,277,705,815,340,50,505,88,182,80,15,21,165,37,98,65,68,249,36,247,77,91,35,262,41,23,12,7,65,8,31,34,10,20,80,21,11,3,9,3,405,541,399,480,536,295,273,530,620,121,36,26,23,44,245,80,178,97,60,49,166,28,14,136,104,6,3,83,8,15,25,54,71,136,30,73,12,8,14,60,61,16,2
9,Russian Federation,1229,623,293,356,574,332,590,512,319,37,354,145,96,68,17,29,159,43,40,88,79,204,26,116,28,56,24,188,34,11,14,3,48,16,13,13,7,13,53,14,2,2,1,11,264,316,287,432,467,214,286,332,406,215,42,23,56,56,243,58,150,71,39,26,207,14,10,92,49,9,3,76,7,14,19,37,81,70,28,43,20,7,13,27,43,12,1
10,Czech Republic,692,412,242,237,348,175,325,375,212,23,228,73,71,28,13,19,58,30,39,34,35,142,21,92,34,23,15,188,27,14,4,1,38,2,10,10,6,11,27,4,2,2,2,2,155,248,187,251,261,147,89,273,283,93,14,10,20,26,121,22,88,41,23,19,119,4,5,92,38,4,1,37,4,7,10,26,32,47,15,30,8,0,3,25,18,9,3
11,Austria,833,531,334,271,439,218,385,465,368,41,293,117,95,22,13,20,82,45,24,46,38,183,19,134,70,44,15,205,18,8,1,4,60,16,14,16,4,13,35,8,0,6,2,2,209,321,204,297,292,178,117,314,338,150,22,15,16,27,138,30,92,44,34,38,209,12,7,100,62,4,1,61,1,6,10,22,35,67,13,12,17,2,11,46,14,14,2
12,Serbia,282,181,111,85,141,58,100,152,98,11,70,17,17,11,0,3,35,6,12,14,3,50,0,26,7,15,9,71,4,4,1,1,20,2,2,8,0,2,18,3,0,1,2,0,53,108,66,96,92,44,68,93,121,30,8,1,6,7,39,8,29,18,17,6,65,4,6,32,19,0,0,18,0,1,4,5,11,17,15,10,1,0,3,3,5,1,1
13,Italy,1514,949,484,452,861,406,699,803,597,129,451,120,92,123,23,40,138,41,56,140,56,403,44,174,74,131,57,453,35,4,13,8,126,26,19,25,11,16,75,27,6,24,14,5,360,522,362,623,658,312,339,543,691,188,18,25,74,42,284,55,178,100,60,38,341,32,12,203,84,5,6,155,7,12,24,33,59,96,54,60,25,7,31,52,91,22,11
14,Ireland,332,217,116,100,162,47,174,177,125,7,122,29,30,6,5,15,45,22,23,14,10,47,10,46,17,17,10,43,14,12,1,2,8,1,0,8,2,0,13,4,1,1,1,0,77,101,77,106,131,81,68,100,133,39,9,6,16,6,35,14,34,21,11,4,64,5,3,22,27,1,1,13,2,3,4,6,9,27,9,17,4,3,0,15,2,6,1
15,Poland,1732,1051,633,525,823,460,810,843,511,60,531,199,157,55,26,72,164,98,107,117,71,305,34,180,68,61,33,328,41,26,10,13,78,11,15,59,26,23,59,13,8,6,7,4,422,639,418,602,651,342,309,563,708,229,38,28,88,53,310,73,176,75,97,37,283,10,11,154,71,12,5,97,6,6,37,45,59,105,32,79,43,11,12,37,37,16,3
16,Slovenia,286,200,123,89,168,63,138,158,122,15,80,41,27,13,2,4,39,7,8,12,7,53,4,35,20,4,12,85,2,0,3,3,20,1,4,0,1,0,13,7,1,1,3,2,49,119,66,115,108,41,69,99,120,52,2,1,2,6,46,10,28,16,3,7,59,4,2,45,28,2,1,22,0,0,1,3,3,18,13,12,3,0,2,6,10,2,0
17,Iraq,54,29,11,12,22,12,23,28,12,4,6,2,2,1,1,0,7,0,2,5,1,6,0,4,0,3,1,14,1,0,3,1,6,0,3,1,0,1,3,0,0,0,0,2,7,13,8,18,17,4,15,16,17,6,1,1,1,1,6,2,3,3,1,3,3,1,1,9,9,0,0,14,0,0,0,1,2,1,1,2,0,0,1,0,1,1,0
18,Sweden,1020,611,407,364,487,188,466,537,318,49,353,91,129,29,18,21,117,43,40,69,46,169,34,152,38,33,23,161,41,17,5,1,39,7,20,27,23,12,51,4,0,10,4,1,309,380,297,315,349,195,198,326,360,139,40,25,28,41,147,41,111,63,63,50,156,8,5,61,61,3,2,52,3,8,31,47,73,73,7,38,10,2,12,39,24,19,2
19,Madagascar,26,17,10,2,11,4,10,14,8,0,2,0,1,1,0,1,2,0,0,1,0,3,0,0,1,0,0,8,0,0,2,0,0,0,0,1,0,0,0,1,0,0,0,0,4,8,0,11,14,2,2,10,14,3,0,0,1,1,3,2,2,1,1,0,4,0,0,7,3,1,0,4,0,0,0,0,0,0,1,0,0,0,0,2,1,0,0
20,Norway,479,289,196,164,231,76,223,263,135,9,167,73,70,24,6,14,63,18,11,20,20,67,8,89,15,12,4,62,16,13,4,2,25,4,8,8,5,9,13,0,0,3,2,5,141,182,130,169,170,106,82,147,165,80,25,8,13,11,60,19,47,18,21,17,61,3,0,24,31,10,2,33,4,6,5,31,35,36,5,11,6,1,3,11,21,6,1
21,Taiwan,233,158,71,51,90,64,132,124,60,12,57,17,19,7,2,2,29,2,10,12,13,49,4,22,12,12,9,53,3,2,7,3,16,3,4,5,3,1,14,4,3,1,4,2,49,81,41,75,93,40,63,85,109,35,4,3,2,9,56,12,39,20,11,10,43,2,7,34,18,2,1,25,1,1,3,4,9,17,6,12,1,3,6,10,5,3,2
22,Hong Kong (S.A.R.),184,133,69,34,89,34,96,112,66,8,53,21,19,6,4,2,19,3,5,11,12,27,4,22,10,17,7,41,1,0,7,2,12,1,4,2,1,2,14,4,2,1,3,1,44,79,33,61,90,39,42,81,95,32,3,3,5,12,27,5,18,17,8,6,52,7,7,20,10,2,2,23,3,3,3,5,6,11,13,12,2,3,4,8,6,4,2
23,Mexico,574,399,175,173,327,99,246,339,172,31,113,51,28,34,12,19,47,14,46,24,9,83,12,54,46,38,16,158,19,15,13,5,41,6,10,16,6,8,30,10,8,10,9,8,116,221,139,240,286,91,158,228,300,99,22,15,34,18,78,21,52,57,37,18,109,14,17,88,39,8,13,77,6,7,10,15,27,39,24,50,12,8,8,42,26,11,7
24,France,2328,1539,899,520,1173,614,1204,1330,852,109,850,189,280,76,38,93,255,74,130,189,102,628,55,245,147,139,55,685,70,22,14,73,134,32,47,51,20,20,105,28,6,21,14,8,675,892,364,791,962,504,430,855,1002,255,34,37,86,70,426,112,331,124,95,91,428,26,21,291,106,8,7,157,14,57,29,54,112,120,75,109,26,14,19,74,47,21,9
25,Brazil,2109,1394,784,462,1074,283,873,1102,634,57,503,170,116,184,16,43,220,49,183,76,75,338,15,159,110,80,31,435,27,70,30,7,182,15,42,87,24,19,63,24,5,22,17,11,492,861,413,855,823,344,498,757,1023,268,144,32,80,92,244,72,197,106,266,77,357,20,10,219,111,16,9,232,9,29,46,59,80,100,55,144,23,15,17,98,100,11,14
26,Lithuania,212,127,78,78,93,38,63,107,57,6,46,18,14,4,3,8,15,8,17,10,6,33,5,25,8,6,2,33,6,3,0,1,6,2,3,2,2,0,7,2,2,0,1,1,41,84,75,72,60,30,47,63,86,28,9,4,8,7,27,7,25,7,8,5,36,1,1,18,7,1,1,10,2,1,8,5,12,15,2,13,2,1,4,9,2,2,0
27,Uruguay,106,67,34,24,68,12,43,61,37,1,25,7,2,2,0,4,12,4,18,0,3,8,2,4,5,4,2,17,3,3,0,0,5,0,0,4,0,0,4,3,0,2,0,0,21,44,23,46,45,15,14,36,50,9,4,1,3,5,10,1,4,6,7,3,25,1,2,10,5,0,1,5,0,1,1,1,5,2,7,19,0,0,0,4,1,1,0
28,Denmark,547,339,225,231,277,98,226,298,114,24,161,30,80,24,5,13,32,12,28,30,29,82,13,107,34,29,10,79,18,10,2,5,17,2,17,18,6,24,21,4,0,2,3,10,146,207,180,178,168,89,67,196,194,53,16,8,14,21,70,20,49,31,32,30,56,7,4,48,33,10,0,30,0,6,7,36,31,58,7,23,4,1,4,20,19,6,3
29,Spain,1521,984,527,345,792,249,698,829,600,71,418,152,95,50,19,47,146,54,86,60,41,235,22,129,94,78,34,387,34,16,13,4,67,16,12,42,12,7,85,14,4,8,6,4,304,542,252,545,637,283,301,547,680,227,28,14,55,33,203,35,129,102,85,38,313,9,10,186,97,3,3,97,3,9,23,21,47,74,54,67,12,7,14,49,37,12,2
30,Egypt,400,250,116,113,186,131,152,217,114,25,48,31,10,3,2,4,20,6,17,26,7,68,4,28,19,14,7,97,2,3,15,2,70,0,3,5,3,4,16,5,5,3,7,8,57,149,78,145,170,45,79,147,199,43,5,7,8,11,75,20,41,26,15,13,72,9,8,62,40,10,3,63,7,6,8,8,6,29,12,27,6,5,8,18,6,5,7
31,Turkey,1020,657,302,410,507,232,460,528,357,76,156,88,55,78,7,17,117,16,32,61,32,222,8,86,33,40,18,226,17,9,9,3,123,10,11,7,6,10,57,21,4,7,7,7,177,364,285,358,393,105,300,337,512,128,15,9,33,31,186,33,102,105,24,22,207,10,16,104,53,8,6,152,7,3,13,23,23,45,56,44,8,11,27,27,53,7,4
32,South Africa,493,333,159,177,287,64,200,286,133,9,117,42,23,53,1,4,27,11,22,18,8,45,7,64,18,38,10,108,7,8,8,1,42,2,4,7,2,8,20,3,2,7,5,9,81,164,138,191,199,72,78,169,214,45,13,6,12,6,57,19,46,34,10,12,81,18,9,58,54,9,2,48,3,3,6,19,13,37,12,24,8,2,8,31,34,5,3
33,Ukraine,593,343,189,142,245,127,224,271,152,16,139,56,44,31,5,19,57,21,44,24,24,86,13,40,14,12,17,111,10,9,7,2,39,3,2,9,4,7,28,8,3,1,2,7,120,193,99,175,191,94,109,165,224,66,14,9,29,26,80,20,51,39,26,6,97,3,8,52,32,7,2,40,3,5,13,15,23,25,14,31,9,3,3,13,13,5,2
34,Finland,468,310,209,130,237,96,260,266,147,17,169,45,72,10,8,15,42,10,24,24,22,83,11,56,23,11,6,76,14,20,0,0,19,4,0,13,7,11,13,3,0,0,4,1,147,201,100,161,185,112,97,170,182,56,36,14,20,13,77,22,63,19,28,7,76,6,1,30,21,2,1,28,3,4,12,19,32,27,8,26,3,1,4,11,6,6,2
35,Romania,581,377,215,181,268,163,220,286,199,39,135,58,36,14,11,21,48,14,20,37,35,109,12,58,18,23,15,110,20,11,3,3,34,4,5,7,4,2,24,8,1,2,3,3,104,218,139,208,215,103,108,217,270,60,11,11,22,18,98,22,63,35,17,14,126,11,8,58,40,4,0,42,2,3,9,14,25,30,23,24,8,3,8,18,14,9,3
36,Portugal,563,366,196,184,305,110,264,302,218,32,173,60,50,12,8,20,62,21,42,48,22,148,10,54,33,19,8,107,27,6,7,2,35,4,7,30,13,3,20,5,5,4,2,4,123,183,125,205,205,101,118,178,225,88,11,7,22,18,87,19,57,32,54,18,110,3,4,43,47,2,3,46,3,4,13,9,28,27,26,29,8,7,1,22,5,5,1
37,Singapore,226,149,82,46,89,61,148,106,89,8,66,23,18,1,3,8,30,10,8,13,8,38,6,18,8,15,3,31,6,4,1,1,20,0,6,2,0,4,14,6,1,1,0,1,63,76,39,62,117,42,67,67,105,32,3,1,10,8,49,6,23,18,6,8,50,7,3,15,18,0,0,29,1,2,5,5,7,12,11,12,8,2,2,16,0,2,1
38,Oman,13,9,5,6,5,7,9,7,7,1,1,2,0,0,0,0,1,0,1,1,0,7,0,1,1,0,0,6,0,0,0,0,1,0,0,0,0,0,1,0,0,0,0,0,3,5,4,4,8,1,2,4,9,3,0,0,0,0,2,1,4,2,0,0,5,0,0,3,1,0,0,3,0,0,0,0,0,1,0,2,0,0,0,0,0,0,0
39,Belgium,626,439,244,207,360,138,309,382,251,37,215,61,52,24,11,21,49,32,27,49,27,127,12,113,30,31,10,159,10,6,6,3,47,7,9,16,5,8,26,14,3,11,5,4,133,232,160,251,253,143,92,251,267,83,11,7,18,24,108,31,73,42,34,17,142,9,5,70,43,4,4,54,2,5,8,14,26,55,15,27,16,6,13,18,18,4,1
40,Chile,203,140,76,42,100,26,99,115,63,5,53,22,12,3,2,7,19,3,21,7,10,31,4,13,13,7,5,50,4,3,2,1,16,0,2,5,1,0,13,3,0,1,1,2,51,84,38,60,91,30,62,69,99,36,7,1,6,7,32,5,19,22,14,6,36,2,2,18,17,1,0,22,0,0,3,2,7,9,11,19,3,0,5,6,4,2,1
41,Bulgaria,364,251,140,142,183,78,126,191,104,2,85,30,14,16,2,4,28,8,13,14,12,53,8,45,5,9,5,75,5,1,3,0,14,0,1,5,2,7,13,9,0,2,0,0,54,148,104,137,124,54,75,122,177,39,11,5,10,11,57,13,33,15,13,3,55,3,2,38,22,0,1,24,0,0,5,14,11,32,13,9,4,1,0,7,10,6,0
42,Latvia,95,54,36,35,49,20,41,57,31,3,21,7,10,1,0,2,10,2,6,6,7,14,3,15,5,2,0,22,1,0,0,0,8,1,1,0,0,0,6,4,0,0,0,1,20,38,32,36,33,14,20,40,36,17,1,1,2,6,14,6,16,10,3,1,18,0,1,14,1,0,0,9,0,1,1,1,1,6,3,8,0,1,1,5,1,1,0
43,Philippines,366,266,133,96,190,64,157,241,118,13,70,32,16,7,2,4,22,7,13,22,7,52,6,33,3,26,8,129,4,3,14,0,28,0,1,4,0,0,20,4,2,2,2,2,71,162,81,136,157,55,75,155,189,51,5,2,8,14,59,17,25,37,15,5,63,11,5,66,42,5,2,35,2,0,3,7,12,28,25,26,5,1,7,13,6,3,5
44,Greece,548,340,147,141,289,103,265,289,201,54,138,38,26,27,6,12,49,11,27,38,9,104,8,49,23,27,12,132,5,5,0,0,26,6,4,9,0,1,22,12,3,3,1,2,97,173,137,207,240,96,131,181,235,72,15,6,24,11,84,16,54,30,20,14,122,7,2,61,31,5,4,37,3,3,9,9,14,21,28,31,7,3,7,16,21,3,0
45,Belarus,136,70,38,34,58,27,55,49,31,3,33,14,11,15,1,2,7,3,15,6,2,18,1,9,4,3,9,13,0,2,4,0,5,0,0,3,0,3,11,2,0,1,0,2,24,37,22,45,48,16,27,33,51,14,4,2,2,0,14,5,8,20,3,1,20,0,4,11,9,2,0,5,0,0,2,3,2,7,3,12,1,1,0,0,12,0,0
46,Saudi Arabia,116,68,31,45,55,21,54,63,39,7,20,12,9,2,0,1,9,1,4,5,11,20,1,15,2,5,3,25,1,1,4,1,15,0,2,1,2,0,8,0,1,0,1,5,21,39,36,47,48,19,22,43,58,15,3,2,2,10,20,8,11,13,5,4,23,3,4,15,7,4,1,25,1,2,3,4,5,12,6,9,1,3,4,5,3,3,1
47,Kenya,270,193,77,39,122,47,130,169,85,6,25,34,19,1,2,4,22,9,11,8,4,52,5,19,17,11,3,90,1,1,6,1,39,4,3,9,3,3,6,10,2,1,4,13,41,90,29,91,119,23,54,103,143,53,2,4,8,4,33,7,26,19,13,4,55,6,6,52,33,8,1,48,2,1,6,4,4,12,19,18,5,2,10,22,1,4,5
48,Switzerland,932,592,354,317,505,252,507,514,377,60,333,83,99,30,13,39,101,34,47,80,43,210,31,174,67,65,18,222,29,11,5,13,41,13,22,25,7,17,52,12,8,2,6,3,263,337,229,345,411,214,178,357,377,118,26,17,53,32,189,36,116,55,37,39,195,8,6,93,48,7,3,49,3,9,11,32,49,73,32,49,15,7,27,51,19,14,2
49,Iceland,28,17,10,10,15,3,11,16,6,0,9,1,2,2,0,1,3,1,1,0,2,3,0,1,0,1,0,3,2,0,0,0,5,0,0,0,0,0,1,0,0,0,0,0,9,9,6,14,10,6,5,8,10,1,0,0,2,2,2,1,2,2,2,0,2,0,0,3,2,0,0,6,0,0,0,1,2,1,0,2,1,1,1,0,2,0,0
50,Viet Nam,317,201,109,99,137,92,136,159,122,17,53,25,34,6,4,10,33,5,16,20,16,84,7,41,11,13,13,59,8,2,13,3,33,2,9,6,4,2,17,9,4,4,4,7,72,123,77,79,116,41,80,95,144,42,6,4,17,13,52,20,32,27,14,9,53,9,8,29,32,8,3,38,3,6,6,9,7,22,14,23,5,5,4,12,7,5,5
51,Thailand,175,121,75,49,86,34,79,100,55,11,45,23,17,11,4,17,38,7,18,16,8,33,7,16,14,12,8,46,10,6,1,4,29,4,2,8,4,5,16,9,5,2,7,8,54,74,32,55,62,35,64,70,80,31,9,4,17,8,27,12,19,15,6,4,31,3,6,18,14,8,3,24,2,8,3,4,9,10,16,13,5,3,6,7,9,4,5
52,China,632,319,175,102,225,217,332,254,234,52,147,62,96,7,17,19,129,9,21,38,38,187,10,52,23,19,22,70,20,4,18,6,31,3,17,9,6,5,32,10,2,0,0,3,195,178,90,149,269,83,191,173,225,70,15,20,16,28,167,28,100,53,13,26,145,10,10,29,51,7,4,37,3,13,9,7,32,32,15,15,7,6,15,27,6,4,3
53,Montenegro,19,11,6,5,7,2,6,7,5,0,4,2,1,0,1,0,0,1,0,0,0,0,0,3,0,0,0,2,0,0,0,0,1,0,0,0,0,0,1,0,0,0,0,0,2,7,6,5,5,4,3,6,7,1,1,1,0,1,3,3,0,1,2,0,2,0,0,1,1,0,0,2,0,0,1,0,0,1,1,0,1,0,0,0,0,0,0
54,Slovakia,229,133,81,67,103,60,113,118,82,9,56,27,16,10,2,3,32,8,4,6,11,45,3,23,11,10,6,57,4,4,2,0,13,0,0,2,1,1,6,1,0,0,1,0,43,88,57,84,89,37,36,84,91,34,5,3,5,4,38,9,27,14,4,2,51,1,6,29,13,0,0,13,0,2,3,3,9,8,3,3,3,1,3,5,5,2,0
55,Japan,333,213,126,73,144,72,165,183,91,11,120,24,44,5,5,12,62,9,50,17,10,63,12,33,23,20,20,73,10,8,4,3,26,5,10,14,6,2,40,7,1,3,0,0,106,129,46,84,128,73,86,107,137,40,10,8,12,6,60,11,30,37,20,11,41,7,6,28,17,2,0,29,2,5,9,8,21,14,10,29,2,4,1,7,3,3,0
56,Luxembourg,56,39,28,13,30,9,25,28,23,0,21,1,4,2,2,2,4,1,1,2,1,6,2,7,4,4,0,10,2,0,0,0,3,0,4,2,1,0,2,0,0,0,0,0,10,28,10,23,23,15,8,20,28,7,0,3,2,2,7,2,4,5,2,5,16,2,1,4,4,0,0,4,0,0,1,3,3,6,1,3,0,0,1,4,2,1,0
57,Turkmenistan,16,9,4,6,8,5,8,9,4,1,1,0,1,0,0,0,1,0,0,1,0,4,0,2,0,1,0,5,0,0,1,0,4,0,0,0,0,0,1,0,0,0,0,0,3,5,4,7,10,3,6,7,9,2,0,0,0,0,2,0,1,1,1,1,2,0,0,3,1,0,0,4,0,0,0,0,0,1,0,1,0,0,0,0,0,0,0
58,Argentina,521,365,177,115,254,64,180,301,145,9,119,44,21,18,3,7,47,12,37,17,9,55,5,42,13,26,8,117,15,2,10,1,26,9,5,7,2,0,18,13,5,8,2,2,102,225,90,189,202,87,137,192,277,71,8,5,12,8,48,14,34,29,16,8,86,5,3,57,28,2,4,52,3,0,6,4,16,18,77,39,4,8,1,14,12,2,3
59,Hungary,466,309,184,165,234,127,201,286,169,22,142,53,34,35,3,13,45,16,20,32,22,99,12,73,12,24,5,118,14,8,3,2,35,1,5,8,6,2,16,6,0,1,0,0,97,180,128,184,166,80,70,201,215,61,18,5,16,14,100,16,55,31,20,12,107,8,4,46,26,1,2,42,3,4,5,9,23,34,12,21,6,3,7,6,23,6,1
60,Tunisia,101,71,48,21,60,21,47,66,53,10,16,11,3,2,0,0,5,4,3,5,4,34,0,7,6,4,3,43,1,1,2,0,18,0,0,0,0,1,5,1,0,1,1,1,19,41,17,39,41,10,23,46,60,20,3,1,2,4,14,5,16,12,3,3,29,3,1,23,5,1,0,19,0,0,0,1,4,5,3,5,3,0,1,3,1,1,1
61,Bangladesh,613,445,164,108,279,173,252,362,177,25,82,51,25,1,1,1,43,4,14,24,8,192,4,48,16,13,11,213,4,2,13,0,61,3,3,2,1,2,23,8,3,1,11,21,102,261,109,239,281,81,181,246,357,90,6,5,9,15,119,18,84,40,9,12,123,8,11,139,52,12,2,100,3,4,7,7,17,32,44,29,6,6,13,20,3,7,9
62,Maldives,12,7,4,3,6,2,3,7,3,0,2,1,0,0,0,0,2,1,0,0,0,2,0,3,0,0,0,4,0,0,0,0,0,0,0,0,0,0,0,0,0,0,0,0,3,4,6,7,4,2,3,6,5,2,1,0,0,1,4,1,2,2,0,1,3,0,1,4,1,0,0,1,0,1,0,0,1,3,1,0,0,0,0,1,0,0,0
63,Dominican Republic,83,65,39,39,37,8,25,51,22,2,5,8,4,7,0,1,4,3,6,1,1,5,0,7,1,5,1,14,0,0,0,0,11,0,1,4,0,0,2,5,0,1,0,0,20,42,27,31,26,5,23,32,47,12,0,1,2,1,11,2,5,6,4,4,5,0,2,7,6,1,1,15,0,0,2,3,2,4,7,7,0,0,1,3,4,0,0
64,Jordan,64,41,23,15,24,19,18,35,24,1,12,7,2,2,0,1,0,2,2,5,0,8,0,6,0,1,0,17,0,0,0,0,7,0,0,0,0,0,2,0,0,0,0,1,6,30,14,19,21,13,14,23,38,12,0,1,1,1,7,2,6,4,1,1,22,0,0,12,4,1,0,15,0,0,0,1,1,7,1,0,1,1,1,1,2,0,0
65,Pakistan,711,487,196,200,334,229,280,454,238,43,62,67,18,3,2,5,29,9,30,49,11,115,2,36,19,25,24,242,4,3,6,0,83,1,6,4,2,2,43,12,5,2,7,7,80,257,118,239,325,55,113,271,390,104,6,2,21,5,72,23,37,78,19,14,116,4,15,138,46,9,1,126,2,2,6,11,7,24,53,49,7,6,18,39,3,4,10
66,Nepal,222,159,67,36,94,64,111,137,75,16,31,16,12,1,0,3,18,3,5,8,3,76,1,9,10,2,2,76,0,3,5,0,37,2,0,0,0,0,3,7,0,1,0,4,49,83,26,63,90,26,70,64,101,26,5,5,4,3,19,11,19,14,5,2,36,0,5,30,15,2,1,42,1,0,2,2,5,9,23,13,0,0,10,19,2,3,2
67,"Iran, Islamic Republic of...",723,461,208,228,333,158,309,400,187,35,112,69,35,20,5,6,88,11,11,30,19,103,5,39,15,13,10,191,2,5,11,1,54,2,7,6,4,2,26,13,1,1,5,4,100,263,161,262,315,108,184,289,376,87,6,5,19,18,109,23,68,38,18,10,116,3,10,106,49,3,0,81,0,2,10,18,18,31,41,19,8,2,14,26,4,4,4
68,Indonesia,537,371,147,97,280,109,227,304,194,21,75,82,29,27,2,9,80,9,28,13,17,78,5,27,27,35,8,271,5,7,17,1,81,4,7,6,4,3,18,7,4,3,2,2,117,206,75,213,218,65,208,217,296,111,10,5,13,14,75,16,44,42,20,9,108,6,7,152,31,6,4,112,4,4,12,8,8,20,23,31,4,3,10,23,16,5,4
69,Ecuador,83,62,35,25,44,10,35,49,35,7,16,11,7,1,0,3,9,3,4,2,2,7,1,4,4,2,2,25,2,1,0,0,15,0,1,1,0,1,3,1,0,1,1,2,28,44,19,32,40,11,28,30,43,24,5,0,7,2,9,3,3,12,1,3,18,1,0,12,2,2,0,20,0,0,1,2,7,1,13,4,2,0,2,6,1,0,0
70,Bosnia and Herzegovina,103,75,41,40,59,26,35,60,41,6,21,11,4,9,1,2,9,1,8,7,3,24,1,6,1,2,3,27,1,2,2,1,9,2,0,3,1,0,7,1,2,0,0,0,23,36,38,48,39,16,21,45,64,18,3,1,2,4,21,2,16,3,5,1,21,1,2,15,6,0,0,11,1,0,3,3,3,3,3,7,0,0,1,1,5,0,0
71,Armenia,93,53,28,18,34,10,44,35,25,2,25,4,6,2,0,2,9,2,3,3,2,5,0,3,5,2,2,14,1,0,2,0,3,0,0,1,1,0,4,2,0,0,1,1,24,22,14,25,33,19,22,18,29,7,1,0,3,2,10,2,2,7,2,0,13,0,0,6,6,0,0,8,0,0,3,0,1,2,9,0,0,0,2,4,1,0,0
72,Colombia,341,254,139,71,174,39,161,212,115,19,58,28,10,7,2,12,30,8,18,12,8,29,2,28,21,19,6,72,4,4,4,2,33,2,3,9,3,2,10,5,3,2,3,2,62,143,48,123,153,49,107,137,191,38,8,4,15,11,36,9,13,20,17,12,68,4,0,38,30,1,2,45,5,2,7,8,9,19,22,21,4,2,5,15,5,2,6
73,Kazakhstan,70,40,18,18,29,10,32,30,15,0,13,3,5,2,0,1,5,1,1,5,4,11,0,6,1,1,1,17,0,2,1,0,10,0,0,0,0,0,3,1,0,0,2,0,18,25,19,20,27,7,21,23,32,11,3,1,4,1,11,4,6,6,2,1,15,0,0,7,2,0,0,10,0,1,1,0,3,3,3,2,1,1,0,3,1,0,2
74,South Korea,229,144,80,47,84,69,117,106,98,10,58,39,18,5,3,4,25,5,8,9,4,53,2,15,11,6,10,22,5,3,7,4,14,1,4,5,2,3,18,3,1,2,3,2,54,110,33,60,104,40,70,69,103,52,5,2,11,3,48,12,27,28,11,7,57,2,4,10,11,2,1,25,1,6,4,8,7,12,5,13,6,2,4,8,4,3,2
75,Costa Rica,76,57,27,28,44,16,37,46,31,4,13,7,6,0,0,1,10,7,5,4,3,8,0,9,5,5,0,19,2,0,2,0,8,0,2,2,0,1,1,3,0,0,0,0,15,26,20,30,37,11,21,30,37,10,1,1,2,2,13,1,5,7,5,5,16,1,1,4,10,0,0,5,0,1,1,4,2,4,6,2,4,1,1,6,0,0,0
76,Honduras,28,23,12,12,15,7,11,20,9,0,5,2,0,2,0,0,3,1,1,0,0,7,0,1,2,2,2,9,1,0,0,0,3,1,0,1,0,0,1,1,0,0,0,0,4,18,6,12,10,3,9,16,20,3,1,0,1,2,1,0,1,1,1,0,3,0,1,4,0,0,0,3,0,0,0,1,0,1,2,2,0,0,1,2,2,0,0
77,Mauritius,21,17,8,7,12,6,9,13,10,1,5,2,1,0,0,0,0,1,2,1,0,3,0,2,1,3,3,7,0,1,0,0,2,1,0,0,0,0,2,0,0,0,0,0,3,7,7,7,9,3,4,9,11,2,1,0,0,0,4,1,3,2,0,0,2,1,1,5,3,0,0,4,0,0,0,2,0,1,0,2,0,1,1,2,1,1,0
78,Estonia,141,92,61,26,67,17,63,67,48,3,43,10,15,6,1,5,21,2,8,7,4,16,1,15,3,3,1,32,2,2,1,0,5,2,3,7,3,1,4,1,0,0,0,0,37,63,19,50,47,25,32,45,52,20,5,2,7,3,13,8,8,6,11,8,32,1,0,14,8,0,0,2,1,1,5,1,4,4,1,12,3,1,0,2,4,0,0
79,Algeria,36,23,4,3,14,7,19,22,13,5,4,2,3,5,0,1,2,0,1,4,1,12,0,2,1,0,0,8,0,0,0,1,6,0,0,0,0,0,1,0,0,0,0,2,4,9,4,12,20,5,5,14,21,3,1,1,1,0,5,1,5,3,1,1,5,0,0,8,1,1,0,11,0,0,1,0,2,1,0,0,0,0,2,0,5,0,0
80,Trinidad and Tobago,13,7,3,2,3,3,5,4,2,0,1,0,0,1,0,0,0,0,0,0,0,1,0,1,0,0,0,2,0,0,2,0,1,0,0,0,0,0,0,0,0,0,0,0,1,1,2,2,4,2,0,3,5,1,0,1,0,0,3,2,2,0,0,0,2,0,0,1,3,0,0,0,0,0,0,0,0,1,0,1,0,0,1,1,1,0,0
81,Mali,10,5,1,1,5,1,7,9,5,0,1,0,0,1,0,0,0,0,0,0,0,1,0,0,0,1,0,3,0,0,0,0,2,0,0,0,0,0,0,0,0,0,0,0,0,1,1,5,4,3,0,6,5,0,0,0,0,0,1,0,0,0,0,0,2,0,0,2,2,0,0,3,0,0,0,0,0,1,0,0,0,0,0,0,1,0,0
82,Morocco,226,176,79,47,128,66,95,162,98,20,46,19,8,1,2,3,15,1,7,21,9,88,3,25,15,19,5,107,2,3,4,2,26,1,1,0,0,1,7,3,1,1,3,1,37,95,32,88,95,30,46,102,121,37,2,2,3,9,49,15,29,20,8,3,60,3,4,61,20,2,4,31,1,1,0,2,7,13,18,16,0,1,6,10,2,1,4
83,Swaziland,7,5,1,1,4,1,4,6,2,0,0,0,1,0,0,0,1,0,0,0,0,1,1,0,2,0,0,2,0,0,0,0,0,0,0,0,0,0,0,0,0,0,0,0,1,2,0,4,3,0,1,5,4,1,0,0,0,0,1,0,0,1,0,0,2,0,0,0,0,0,0,1,0,0,0,0,0,0,0,0,0,0,0,2,0,1,0
84,New Zealand,440,291,180,173,217,87,187,243,101,9,144,37,45,24,4,4,41,17,29,19,16,66,8,73,18,30,10,62,5,4,5,0,17,3,6,4,2,5,19,6,1,0,0,3,111,177,152,149,150,90,66,150,171,44,10,3,8,9,70,25,42,29,12,10,45,4,5,31,30,3,0,17,3,0,3,12,11,34,9,29,3,0,5,14,20,4,0
85,The former Yugoslav Republic of Macedonia,51,30,22,19,28,12,11,22,17,2,7,5,1,4,1,1,3,0,0,2,0,8,1,5,3,3,1,10,0,1,1,0,2,0,0,0,0,1,3,0,0,0,0,0,8,22,14,24,8,2,11,18,23,11,0,0,1,0,5,1,1,4,1,1,13,1,0,9,3,0,0,3,0,0,1,1,0,2,2,1,0,0,0,1,3,0,0
86,Afghanistan,69,42,19,19,28,23,25,36,25,1,15,7,9,2,3,2,5,2,3,9,8,20,5,6,6,7,7,23,3,2,5,1,9,2,2,1,2,3,7,1,3,3,5,7,10,21,10,21,25,15,8,24,27,7,0,0,0,2,16,9,12,3,1,2,9,2,2,11,12,6,3,6,1,1,1,1,1,5,4,3,1,0,3,2,1,2,1
87,Cyprus,61,29,10,12,29,12,29,27,27,1,14,6,3,2,0,2,4,2,6,2,1,13,1,7,3,1,2,12,1,4,1,0,2,1,1,1,0,0,6,1,0,0,0,2,9,12,7,22,24,9,7,17,23,10,4,0,2,0,6,3,7,6,1,1,16,0,0,4,6,1,0,3,0,0,0,1,2,4,2,5,2,0,0,2,2,0,0
88,United Arab Emirates,165,121,55,49,86,32,70,96,42,6,29,18,11,5,1,2,18,2,3,6,8,22,2,11,8,6,9,38,1,0,0,1,22,1,1,1,0,1,11,5,1,1,1,2,38,59,33,55,76,17,42,57,84,26,4,4,6,6,26,7,15,14,7,4,29,4,3,21,10,2,3,32,2,2,4,7,2,11,10,7,4,2,2,13,6,4,4
89,Peru,136,102,53,40,79,25,60,79,44,6,25,18,9,3,0,2,14,2,9,1,3,12,1,10,9,10,1,34,0,1,3,0,18,0,2,1,1,0,6,3,1,1,1,0,33,64,27,56,64,19,45,46,73,30,4,0,5,7,20,3,14,17,3,3,27,4,2,20,8,0,2,21,0,1,0,1,3,9,11,14,1,1,3,5,3,2,2
90,Uzbekistan,84,52,15,16,37,19,35,46,21,2,8,10,3,4,0,0,8,1,1,2,1,12,0,4,2,2,2,19,0,0,1,0,9,0,0,0,0,0,5,0,0,0,0,1,18,35,17,29,26,5,22,27,37,10,2,0,2,0,14,1,6,6,1,0,15,0,1,7,6,1,0,11,0,0,0,2,2,3,0,3,0,0,0,1,3,0,0
91,Ethiopia,75,60,26,17,36,26,31,43,26,3,5,11,3,2,2,2,10,3,3,6,2,12,3,3,2,3,3,31,1,2,2,2,19,1,2,3,1,1,4,3,2,2,2,3,7,33,17,23,33,3,18,31,42,12,4,2,5,2,14,4,7,7,4,2,24,3,4,19,8,4,2,14,2,3,2,3,2,3,10,5,3,3,4,4,2,3,2
92,Bahrain,14,7,3,5,7,0,6,8,5,0,3,0,2,0,0,0,3,0,0,0,0,3,0,2,0,1,0,3,0,0,0,0,1,0,0,0,0,0,0,0,0,0,0,0,2,3,5,7,6,2,4,5,6,0,0,0,0,0,2,0,1,1,0,0,5,0,0,3,0,0,0,1,0,0,0,0,0,2,0,0,0,0,0,0,0,0,0
93,Malta,39,23,11,14,23,2,20,25,11,1,7,1,2,2,0,2,2,2,2,0,3,4,0,6,4,1,0,9,1,0,0,0,1,0,1,0,0,1,0,3,1,0,0,0,5,6,10,13,16,5,8,17,15,3,0,0,1,3,5,0,4,1,1,1,7,0,0,5,3,0,0,1,0,0,0,2,1,5,3,3,1,0,0,2,2,0,0
94,Nicaragua,18,16,7,5,11,2,6,10,2,1,1,2,1,0,0,0,1,1,0,1,2,3,0,1,1,0,0,7,0,0,0,0,2,0,0,1,0,0,0,1,0,0,0,0,3,8,2,6,6,0,8,5,11,3,0,0,0,3,2,0,0,1,1,0,3,0,0,3,1,0,0,4,0,0,0,0,0,2,1,1,1,0,0,0,0,0,0
95,Andorra,15,7,5,4,3,4,4,6,4,0,2,0,2,0,0,0,1,0,0,0,0,3,0,1,0,1,0,3,0,0,0,1,2,1,0,1,0,0,1,2,0,0,0,0,3,5,4,4,4,1,4,3,6,1,1,0,1,0,3,1,3,2,3,1,1,0,0,1,0,1,2,2,1,0,2,2,1,0,3,0,1,1,0,1,1,0,0
96,Republic of Korea,72,44,21,15,25,18,36,31,27,1,14,15,6,0,0,3,9,3,4,6,4,19,2,10,4,1,0,11,2,0,5,0,4,0,2,2,0,0,5,1,0,0,0,0,17,34,17,19,29,14,21,21,32,21,3,2,7,6,13,5,7,11,4,3,16,2,2,5,6,1,2,7,2,2,2,3,7,4,3,5,2,2,2,3,1,2,1
97,Lebanon,71,48,24,18,32,14,31,45,34,7,14,6,2,0,0,1,0,3,0,7,1,15,1,5,5,4,2,19,0,0,2,0,10,1,0,2,1,0,6,1,0,0,0,0,14,24,18,26,30,7,12,24,36,7,0,0,4,2,12,4,12,10,2,0,18,2,0,7,5,0,2,17,0,1,0,2,0,3,4,1,2,0,4,3,0,1,1
98,Belize,3,3,1,1,2,1,2,2,1,0,1,1,1,0,0,1,0,0,1,0,1,1,0,1,0,0,0,2,1,0,0,0,0,0,0,0,0,0,0,0,0,0,0,0,1,1,0,2,2,1,0,2,2,1,0,0,1,0,1,0,0,0,0,0,0,0,0,1,0,0,0,0,0,0,0,0,1,1,0,1,0,0,0,0,0,0,0
99,Zambia,20,12,4,5,7,1,6,11,4,0,1,5,1,1,1,0,0,0,0,0,0,0,0,0,1,1,0,5,0,0,3,0,3,0,0,0,0,0,1,0,0,0,0,2,3,6,5,5,5,1,2,7,10,3,0,0,0,0,1,0,0,5,1,0,0,0,1,3,4,1,0,3,0,0,0,0,0,0,0,2,0,0,0,2,0,0,0
100,Bolivia,44,31,18,19,28,5,19,27,18,1,8,4,3,5,0,1,1,2,2,0,2,5,0,2,1,5,1,16,1,0,0,0,8,0,0,0,0,0,2,0,0,0,2,1,10,18,11,20,26,7,10,20,27,11,1,0,4,2,2,0,3,7,0,1,10,2,1,10,1,1,0,8,0,1,0,1,1,0,5,4,1,0,0,6,4,1,1
101,Malaysia,206,152,66,65,117,45,91,133,99,14,33,32,11,6,3,5,14,6,10,13,8,35,6,24,13,15,13,72,5,4,7,4,36,3,5,7,4,3,19,8,3,4,6,11,37,77,55,80,75,28,37,91,114,36,4,5,4,5,23,6,18,21,7,7,57,11,3,44,20,7,3,34,2,2,5,3,3,17,17,13,1,2,6,11,5,5,4
102,Sri Lanka,296,227,118,84,162,61,155,197,162,15,50,27,4,3,1,8,18,7,4,9,7,72,3,27,16,6,7,113,2,1,4,1,54,1,3,4,3,2,9,8,3,1,3,4,37,150,62,135,143,40,74,147,198,49,5,4,8,5,52,21,39,24,7,2,115,2,9,61,19,6,3,68,3,2,8,6,8,25,18,18,9,4,9,11,4,4,3
103,Lao People's Democratic Republic,7,6,2,1,3,1,6,4,0,0,0,0,0,0,0,0,1,0,1,0,0,0,0,0,0,0,0,2,0,0,0,0,1,0,0,0,0,0,0,0,0,0,0,0,1,3,0,2,5,0,3,2,4,0,0,0,0,0,0,0,0,1,0,0,0,0,0,1,0,0,0,1,0,0,0,0,0,0,1,1,0,0,0,0,0,0,0
104,Guatemala,54,42,21,22,33,14,30,34,21,2,11,9,0,3,0,0,3,2,4,4,1,9,0,7,8,7,1,19,1,0,0,0,9,0,1,0,0,0,3,3,1,0,1,0,11,26,16,26,27,10,15,23,29,15,2,1,2,3,9,2,6,9,3,3,13,2,4,8,4,2,2,11,2,1,1,3,2,8,6,8,1,0,1,11,4,3,1
105,Azerbaijan,69,44,20,26,30,18,34,39,23,7,5,7,4,3,1,0,8,2,2,1,2,14,0,5,0,3,0,17,0,0,0,0,8,1,1,0,1,2,1,3,1,0,1,1,11,24,21,23,25,7,18,22,35,9,0,0,1,1,16,2,9,3,0,0,19,1,1,11,4,0,0,11,0,0,1,3,1,4,5,5,1,0,1,1,0,0,0
106,Suriname,4,2,0,1,3,1,3,3,2,0,2,0,1,0,0,0,1,0,0,0,1,0,0,1,0,0,0,1,0,0,0,0,0,0,0,0,0,0,0,0,0,0,0,0,1,1,1,3,4,2,2,3,3,0,0,0,0,0,1,0,0,0,0,0,1,0,0,1,0,0,0,0,0,0,0,0,0,2,0,0,0,0,1,2,0,0,0
107,El Salvador,45,29,17,12,28,8,14,26,18,4,10,3,2,1,1,2,2,0,4,2,1,4,1,7,3,3,1,14,0,1,0,0,4,0,0,1,0,0,0,1,0,0,0,0,9,17,12,17,20,9,13,16,22,9,4,0,1,1,8,2,3,2,6,3,12,0,1,10,2,1,0,7,1,1,1,1,2,5,2,5,1,1,2,4,2,1,0
108,Syrian Arab Republic,35,23,12,13,18,8,12,21,11,3,2,2,0,2,0,0,1,0,2,1,1,5,0,2,1,1,0,9,0,0,0,0,8,0,0,1,1,0,0,0,0,0,0,0,5,14,11,15,11,2,4,12,22,2,0,0,0,1,9,0,3,0,1,0,6,0,0,6,0,0,0,12,0,0,0,0,0,1,0,0,0,0,0,1,2,0,0
109,Qatar,20,14,4,4,7,6,12,13,4,1,5,0,0,0,0,0,0,0,0,3,0,5,1,3,1,1,0,6,0,0,0,0,4,0,0,0,0,0,0,0,0,0,0,1,2,5,3,8,12,3,5,9,10,1,1,0,0,0,4,3,1,1,0,0,3,0,0,6,1,1,1,5,0,0,2,1,0,2,0,0,0,1,0,1,1,1,0
110,Nigeria,517,381,154,53,176,50,218,363,108,22,59,36,15,1,3,2,32,4,10,12,2,44,5,30,22,17,4,134,4,2,17,3,60,12,1,4,2,3,9,31,1,3,8,12,74,192,65,176,245,62,110,240,311,72,5,6,8,6,63,15,46,35,12,12,78,8,12,102,47,15,6,91,4,5,8,10,9,31,82,35,6,5,17,27,5,12,13
111,Kyrgyzstan,22,17,6,9,11,4,7,14,9,2,5,3,3,3,1,1,4,1,2,3,1,2,2,2,1,2,2,3,2,1,0,1,2,1,1,3,3,2,3,1,1,1,1,1,3,8,4,6,5,1,5,4,8,1,0,0,0,0,3,0,1,2,1,1,5,0,1,1,2,1,0,0,0,0,0,1,1,1,0,0,0,0,0,1,1,0,0
112,Zimbabwe,30,18,7,7,15,4,11,16,14,1,3,2,2,0,0,0,1,1,0,1,1,4,1,0,0,3,0,9,0,0,2,0,3,0,0,1,0,0,1,0,0,0,1,0,3,6,4,14,10,3,2,13,15,5,0,0,2,1,7,0,2,0,1,0,9,1,0,7,3,0,1,10,0,0,0,0,0,0,2,0,0,0,0,0,0,0,0
113,Rwanda,20,18,10,3,12,6,13,12,11,1,4,5,1,0,0,1,0,0,1,0,0,6,0,1,0,0,0,10,0,0,0,0,6,0,0,0,0,0,0,1,0,0,0,0,3,9,5,8,13,3,6,8,13,7,0,0,1,0,2,1,1,3,0,0,5,0,0,4,0,1,0,8,0,0,0,0,0,0,3,1,0,0,0,0,0,0,0
114,Georgia,105,63,28,28,49,23,51,52,23,3,22,15,9,1,1,0,10,1,6,5,3,11,1,6,2,2,6,19,1,0,0,0,4,2,0,2,1,0,9,4,0,0,0,0,23,40,26,41,30,11,22,32,47,16,2,1,2,4,21,2,10,10,7,2,10,0,2,15,5,1,0,7,0,0,3,3,4,2,16,6,1,1,0,1,0,2,0
115,Cambodia,35,29,15,13,14,11,13,26,15,1,5,4,4,1,1,2,3,1,6,4,1,7,1,3,4,1,3,17,1,1,1,1,5,1,1,1,0,1,3,1,1,1,1,2,8,22,9,12,17,5,6,15,17,10,1,1,1,2,6,1,3,6,1,1,17,1,2,8,3,2,1,11,1,1,0,1,2,1,7,9,1,1,2,3,1,1,1
116,Malawi,14,10,6,6,7,3,6,12,8,0,3,2,0,0,0,0,1,0,0,0,0,2,0,1,3,0,0,4,0,0,0,0,3,0,0,0,0,0,0,0,0,0,0,0,3,5,3,5,9,3,3,9,7,5,0,0,0,1,1,0,0,1,0,1,6,1,1,4,0,0,0,5,0,0,1,0,1,0,0,1,0,0,3,3,0,0,0
117,Yemen,14,6,2,8,7,2,4,8,6,1,2,3,0,2,1,0,0,0,0,2,1,2,0,1,0,1,1,5,0,0,0,0,7,0,0,0,0,0,3,0,1,0,1,1,1,2,6,5,5,1,1,4,5,1,1,0,1,1,2,0,0,2,1,1,3,0,0,3,1,0,1,6,1,1,1,1,1,0,1,1,1,0,0,1,2,1,0
118,Fiji,2,2,1,1,1,0,2,2,1,0,1,1,0,0,0,0,0,0,0,0,0,0,0,0,0,0,0,2,0,0,0,0,0,0,0,0,0,0,0,0,0,0,0,0,1,0,0,0,1,1,1,1,1,0,0,0,0,1,2,0,0,0,0,0,2,0,0,1,0,0,0,1,0,0,0,0,0,1,0,1,0,0,0,0,0,1,0
119,Nomadic,37,26,13,12,17,7,17,19,9,0,7,2,3,2,1,1,3,0,3,3,1,6,1,0,0,1,1,10,0,0,3,0,2,1,0,1,0,0,3,0,0,1,1,1,5,14,7,11,12,5,9,9,13,4,0,0,0,1,6,3,4,3,2,2,2,1,0,3,4,1,0,0,0,0,0,1,0,0,0,4,0,0,0,0,1,0,0
120,Uganda,63,46,17,9,36,9,28,48,28,0,8,7,5,0,0,0,4,0,1,0,1,15,0,3,2,1,0,28,0,0,1,0,11,0,1,0,3,0,1,2,0,0,1,3,10,16,9,32,28,5,15,31,35,11,0,0,1,1,6,1,6,3,2,1,18,2,0,19,5,4,1,13,0,0,3,0,0,2,4,3,0,0,0,5,0,0,0
121,Albania,59,36,18,18,29,12,19,36,30,1,8,5,4,1,1,1,8,1,1,3,1,8,2,4,2,2,1,15,1,1,3,1,3,1,1,1,2,1,3,1,1,1,1,1,10,21,16,20,16,8,16,23,33,8,1,1,4,2,10,3,6,5,1,1,19,2,1,8,5,1,1,5,1,1,1,2,2,4,5,4,2,1,1,3,2,2,1
122,Timor-Leste,4,3,0,1,2,2,3,1,0,0,0,0,0,0,0,0,0,0,0,0,0,0,0,0,0,0,0,1,0,0,1,0,0,0,0,1,0,0,0,0,0,0,0,0,1,0,1,2,3,0,1,1,2,0,0,0,0,0,2,0,0,0,0,0,0,0,0,1,1,0,0,0,0,0,0,0,0,0,0,0,0,0,0,1,0,0,0
123,Mongolia,19,13,6,6,11,5,8,10,12,0,4,3,0,0,0,0,2,0,2,0,0,6,0,3,2,2,0,6,0,0,1,0,4,0,0,0,0,0,0,1,0,0,0,0,2,8,5,5,9,2,11,6,8,6,0,0,1,2,4,1,2,3,2,0,6,1,1,3,2,0,0,7,0,0,1,0,2,2,3,2,0,0,0,1,0,0,0
124,Republic of Moldova,37,25,11,11,21,6,6,23,14,0,6,4,0,5,1,0,3,0,1,0,0,3,2,2,0,2,0,13,0,0,0,0,2,0,1,0,0,1,2,0,0,0,0,0,6,12,8,15,10,3,5,13,16,4,0,0,0,2,4,0,0,2,0,0,10,1,0,5,2,0,0,4,0,0,0,0,1,1,2,2,0,0,0,0,3,0,0
125,Tajikistan,11,7,2,3,6,1,3,5,3,0,1,1,0,1,0,0,0,0,0,1,0,1,0,0,1,2,0,5,0,0,0,0,1,0,0,0,0,0,1,0,0,0,0,0,1,2,2,5,5,1,0,3,5,1,0,0,0,1,1,0,0,1,0,0,2,0,0,2,1,0,0,1,0,0,0,0,0,0,0,0,0,0,0,1,1,1,0
126,Ghana,86,63,27,13,42,21,43,52,26,3,8,8,2,1,0,2,6,1,4,6,2,9,1,5,4,3,1,24,0,0,0,0,18,0,1,1,1,2,3,2,0,0,0,3,16,37,13,30,47,10,19,38,49,17,2,0,5,4,15,6,10,14,4,4,17,3,1,18,5,4,0,23,1,0,1,4,1,7,11,6,1,0,3,6,1,1,0
127,United Republic of Tanzania,28,22,8,4,15,6,14,20,10,0,1,6,2,0,0,0,3,0,1,1,0,7,0,3,0,1,1,13,0,0,0,0,8,0,0,0,0,0,0,2,0,0,0,2,4,9,5,9,18,1,6,13,17,8,1,1,1,1,0,0,0,1,2,1,6,1,0,6,0,1,1,9,1,1,2,1,2,2,3,1,1,1,1,1,1,1,1
128,Myanmar,53,35,13,7,19,8,16,40,19,0,5,2,2,0,0,0,1,0,0,0,0,5,0,2,1,1,0,23,0,0,3,0,7,0,0,0,0,0,2,0,0,0,0,2,5,23,3,15,18,5,9,24,32,8,2,0,1,1,6,1,4,8,1,2,15,1,2,16,7,1,1,10,0,0,0,0,3,4,2,4,1,0,1,3,0,1,0
129,Kuwait,20,12,7,7,4,5,14,11,8,1,4,3,2,4,2,1,1,2,3,3,2,3,1,2,1,1,1,5,3,2,0,1,3,2,1,3,2,1,4,1,2,2,1,1,3,6,5,5,7,5,4,8,8,4,2,2,2,2,6,1,2,7,5,2,4,2,2,2,0,2,2,6,1,2,1,2,3,3,2,3,2,2,2,3,2,2,2
130,Cameroon,34,21,10,6,21,9,17,25,19,6,4,5,0,0,1,0,0,0,0,2,0,17,0,3,1,1,0,20,1,0,0,0,10,1,0,1,2,0,0,0,0,1,0,0,1,12,6,14,19,2,6,20,24,8,0,1,2,1,5,1,6,2,1,0,10,3,1,10,4,0,0,9,2,0,1,0,1,4,0,2,0,1,3,1,1,1,1
131,Kosovo,29,26,11,15,16,2,11,19,13,2,4,7,0,0,0,0,1,1,0,0,0,1,0,4,0,0,0,14,0,0,0,0,3,0,0,0,0,0,2,1,0,0,0,0,2,11,6,7,10,3,5,8,16,6,0,0,1,0,1,0,2,4,0,0,9,0,0,6,3,0,0,2,0,0,0,0,1,2,2,0,1,0,0,1,0,0,0
132,Jamaica,22,16,10,7,11,5,11,19,9,0,1,4,2,0,0,0,1,0,1,0,0,4,0,2,0,1,0,9,0,0,1,0,7,0,0,0,0,0,1,0,0,0,1,0,6,10,8,10,14,1,7,15,14,5,1,1,0,2,6,2,4,3,0,0,9,0,0,6,1,0,1,5,0,0,1,1,0,3,1,4,0,0,0,1,0,1,1
133,Benin,11,8,3,1,4,4,7,5,3,1,2,1,2,0,0,0,0,0,1,0,1,2,0,1,1,0,1,6,0,0,0,1,6,1,0,0,1,0,2,1,0,2,0,0,4,2,3,4,5,2,3,4,7,4,1,0,3,0,4,1,3,2,2,1,0,0,0,5,0,0,0,2,0,0,1,0,0,1,0,1,0,1,0,0,0,0,1
134,Botswana,6,4,2,2,2,2,4,5,3,0,1,0,0,0,0,0,0,0,0,0,0,2,0,2,1,1,0,1,0,0,0,0,0,0,0,0,0,0,0,1,0,1,0,0,0,3,0,0,3,0,0,2,2,0,0,0,0,0,0,0,0,0,0,0,0,0,0,1,1,0,0,0,0,0,0,0,0,0,1,0,0,0,0,1,0,0,0
135,Niger,3,1,0,0,1,1,1,1,1,0,0,0,0,0,0,0,0,0,0,0,0,0,0,0,0,1,0,0,0,0,0,0,0,0,0,0,0,0,0,0,0,0,0,0,1,0,0,2,2,0,0,1,2,0,0,0,0,0,1,1,0,0,0,0,1,1,0,0,0,0,0,0,0,0,0,0,0,0,0,0,0,0,0,0,0,0,0
136,Palestine,34,21,11,10,14,5,15,19,12,1,7,6,1,1,0,1,2,2,2,2,1,4,1,2,2,0,1,8,0,1,0,0,6,0,0,1,0,0,2,0,0,0,1,2,4,13,8,9,16,6,8,9,16,4,0,0,0,0,7,0,3,2,3,0,4,0,0,2,2,1,0,5,0,0,1,0,0,1,0,0,0,1,0,3,0,0,1
137,Cape Verde,4,4,1,1,2,1,1,4,1,0,0,0,0,0,0,0,0,0,1,0,0,1,1,1,0,0,0,2,0,0,0,0,0,0,0,0,0,0,0,0,0,0,0,0,1,4,1,1,3,0,2,2,3,1,0,0,1,0,2,0,2,0,0,0,3,1,0,2,0,0,0,2,0,0,0,1,0,0,0,1,0,0,0,1,0,0,0
138,Libyan Arab Jamahiriya,13,8,3,4,5,2,5,6,3,1,1,0,0,2,0,0,0,0,0,0,0,0,0,2,0,0,0,3,0,0,3,0,3,0,0,0,0,0,0,0,0,0,0,0,3,3,4,4,6,1,2,5,5,0,0,0,0,0,1,0,1,0,0,0,3,0,0,3,3,0,0,3,0,0,0,0,0,1,0,0,0,0,1,0,2,0,0
139,"Venezuela, Bolivarian Republic of...",119,100,44,21,64,20,52,83,28,3,19,9,8,2,0,0,11,0,8,2,4,19,1,10,3,8,3,56,1,0,1,0,8,0,3,1,2,2,3,6,0,2,0,1,21,58,17,51,56,18,36,55,67,30,1,0,1,1,16,2,11,13,7,4,19,2,3,28,6,1,3,20,0,1,3,1,2,6,18,8,0,1,0,4,2,1,0
140,Senegal,13,10,8,1,7,1,5,10,5,1,1,1,0,0,0,1,0,0,1,0,0,2,0,0,1,0,0,4,0,0,0,0,4,0,1,0,0,0,0,1,0,0,0,0,5,6,0,6,6,0,5,8,9,3,0,1,0,0,4,0,1,4,0,3,4,0,0,3,0,0,0,7,0,0,0,0,0,0,2,1,0,0,1,2,0,0,0
141,Cuba,31,22,12,10,14,4,17,23,10,2,9,3,2,1,0,1,2,2,2,4,1,4,0,5,2,1,0,7,3,0,0,0,7,0,0,2,0,0,0,2,0,0,0,0,10,16,11,6,13,7,8,15,16,4,0,0,1,1,5,0,3,1,2,0,8,0,0,2,1,0,1,4,0,0,1,1,2,2,3,3,2,0,1,0,0,0,0
142,Togo,9,5,2,3,4,2,3,7,5,0,1,2,1,2,0,0,0,0,1,1,0,3,0,0,2,1,0,4,0,0,0,0,4,0,0,1,1,0,2,2,0,0,0,1,3,3,2,5,6,1,3,3,1,2,1,1,0,0,0,0,0,1,0,1,2,1,0,1,0,0,1,2,0,0,0,0,0,0,1,0,0,1,1,3,0,0,0
143,Angola,12,8,4,4,5,1,3,7,2,2,1,3,1,1,1,0,1,1,0,1,1,2,1,1,1,0,1,5,1,1,1,1,5,1,1,1,1,1,0,0,2,2,0,1,0,3,4,5,4,1,2,4,8,2,2,1,0,2,3,1,0,3,1,1,1,0,2,3,1,1,2,5,1,1,1,1,1,1,0,1,1,2,1,0,1,2,0
144,Isle of Man,12,6,4,7,6,4,7,6,4,0,4,1,2,1,0,0,2,0,0,1,0,5,1,3,0,1,0,2,0,0,0,0,1,0,0,0,0,0,0,0,0,0,0,0,3,5,4,3,4,4,3,5,6,3,0,0,0,0,3,2,2,1,0,0,1,0,0,0,2,0,0,0,0,0,0,0,0,3,0,0,0,0,0,0,0,0,0
145,Panama,28,21,8,10,21,3,13,20,12,0,5,4,5,3,0,0,5,2,1,0,2,3,0,4,2,4,2,12,1,0,0,0,1,0,0,0,0,0,3,0,0,0,0,0,7,11,11,13,14,2,5,15,16,5,0,0,1,0,5,1,3,6,0,1,8,1,0,8,1,0,0,1,0,1,0,0,0,4,1,2,1,0,0,3,2,1,1
146,Bahamas,4,3,0,0,1,1,1,2,1,0,1,0,0,0,0,0,1,0,1,0,0,0,0,0,0,0,1,1,0,0,0,0,0,0,0,0,0,0,1,0,0,0,0,0,0,0,0,0,2,1,1,1,1,0,0,0,0,0,1,0,0,0,0,0,1,0,0,0,0,0,0,0,0,0,0,1,0,0,0,1,0,0,0,0,1,0,0
147,Paraguay,42,33,19,9,27,5,15,29,20,1,5,5,1,2,0,1,4,1,4,2,0,3,0,2,2,1,0,13,0,0,1,0,4,0,0,0,0,0,5,1,0,0,0,1,10,23,6,16,18,1,18,22,25,11,0,0,4,1,1,0,2,6,2,0,10,1,0,3,1,0,1,7,0,0,0,2,0,2,7,5,1,0,1,1,2,0,1
148,Sudan,32,23,8,6,17,7,8,21,11,3,1,1,1,0,0,0,1,0,0,1,0,6,0,0,1,2,0,14,0,0,1,0,6,0,0,0,0,0,0,0,0,0,1,0,1,10,2,11,13,0,5,15,18,4,0,0,0,0,1,1,1,0,0,0,5,1,0,6,3,1,0,10,0,0,0,0,0,0,0,2,0,0,1,3,0,0,2
149,Liberia,2,2,0,1,1,0,1,1,1,0,0,1,0,0,0,0,0,0,0,0,0,0,0,0,0,0,0,0,0,0,0,0,0,0,0,0,0,0,0,0,0,0,0,0,0,0,0,0,1,0,1,0,0,0,0,0,0,0,0,0,1,0,0,0,1,0,0,0,1,0,0,0,0,0,0,0,0,0,0,0,0,0,0,0,0,0,0
150,Bhutan,5,2,1,0,1,1,2,2,0,0,0,0,1,0,0,0,1,0,3,0,1,0,0,0,0,0,0,0,0,0,0,0,1,0,0,0,0,0,1,0,0,0,0,0,3,1,0,1,2,0,1,1,1,1,0,0,0,1,0,0,0,0,2,0,0,0,0,0,1,0,0,1,0,0,1,0,0,0,0,2,0,0,0,1,0,0,0
151,Democratic Republic of the Congo,7,7,3,2,3,0,5,4,2,0,0,1,0,0,0,0,0,0,0,0,0,1,0,0,0,1,0,2,0,0,0,0,4,0,0,0,0,0,0,0,0,0,0,0,2,2,1,2,5,0,0,2,6,1,0,0,0,0,0,0,1,0,0,0,1,0,0,2,0,0,0,4,0,0,0,1,0,0,0,0,0,0,0,0,0,0,0
152,CÃ´te d'Ivoire,14,11,3,3,9,3,8,9,10,0,1,4,0,0,0,0,2,0,2,1,0,3,0,1,0,0,0,8,0,0,0,0,3,0,0,0,0,0,0,0,0,0,0,1,2,7,3,5,6,1,2,6,8,4,0,0,0,0,4,0,2,2,0,1,5,0,0,3,0,1,0,4,0,0,0,1,0,1,1,1,0,0,1,1,0,0,2
153,Barbados,6,5,2,2,3,1,3,5,1,0,2,0,0,0,0,0,0,0,0,0,0,0,0,1,1,1,0,3,0,0,0,0,0,0,0,0,0,0,0,0,0,0,0,0,1,2,1,2,3,1,1,3,3,0,0,0,0,0,1,0,0,0,0,0,0,0,0,2,1,0,0,0,0,0,0,0,0,0,0,0,0,0,0,1,0,0,0
154,"Congo, Republic of the...",12,7,4,3,7,1,2,8,4,0,0,1,0,1,0,0,1,0,0,0,0,4,0,0,0,3,0,5,0,0,1,0,2,0,0,0,0,0,0,0,0,0,0,0,3,5,3,7,5,0,2,7,8,3,0,0,1,0,1,0,1,2,0,0,4,0,0,4,1,0,0,4,0,0,0,0,0,0,1,0,0,0,0,0,1,0,0
155,Namibia,5,4,1,2,1,1,1,2,3,0,0,3,0,0,0,0,0,0,0,0,0,0,0,0,0,0,0,1,0,0,1,0,1,0,2,0,0,0,1,0,0,0,0,0,0,1,1,1,1,0,0,2,3,1,0,0,0,0,0,0,0,1,0,0,2,0,0,1,2,0,0,1,0,0,0,0,0,1,0,0,0,0,0,0,0,0,0
156,Somalia,12,6,2,1,7,4,2,7,2,0,0,2,0,0,0,0,0,0,0,0,0,1,0,0,0,0,0,5,0,0,1,0,1,0,0,0,0,0,1,0,0,0,0,1,0,4,0,2,1,0,1,2,3,1,0,0,0,0,0,0,0,1,0,0,1,0,1,2,2,1,0,1,0,0,0,0,0,0,1,0,0,0,0,1,0,0,0
157,Sierra Leone,2,1,0,0,1,0,0,1,1,0,0,0,0,0,0,0,0,0,0,0,0,0,0,0,0,0,0,0,0,0,0,0,1,0,0,0,0,0,0,0,0,0,0,0,1,0,0,0,1,0,1,0,0,2,0,0,0,0,1,0,1,1,0,0,0,0,0,1,0,0,0,1,0,0,0,0,0,0,0,0,0,0,0,0,0,0,0
158,Mozambique,11,8,3,2,5,1,4,6,3,1,0,1,1,0,0,0,0,0,0,0,0,1,0,0,0,1,0,4,0,0,0,0,1,0,0,0,0,0,0,1,0,0,1,0,2,5,2,3,4,0,3,2,6,3,0,0,1,0,1,1,1,1,0,0,4,1,0,3,0,0,0,3,0,0,0,1,0,0,1,0,0,0,0,1,0,0,1
159,Lesotho,2,2,0,0,1,0,1,2,2,0,0,0,0,0,0,0,0,0,0,0,0,1,0,0,0,0,0,1,0,0,0,0,0,0,0,0,0,0,0,0,0,0,0,0,0,2,0,2,1,0,0,2,2,0,0,0,0,0,0,0,0,0,0,1,1,0,0,1,0,0,0,0,0,0,0,0,0,0,1,0,0,0,0,1,0,0,0
160,Chad,3,1,0,0,0,0,1,1,0,0,1,0,0,0,0,0,0,0,1,0,0,0,0,0,0,0,0,1,0,0,0,0,1,0,0,0,0,0,0,0,0,0,0,0,0,1,0,1,1,1,0,2,2,0,0,0,0,0,0,1,1,0,0,0,0,0,0,0,0,0,0,1,0,0,0,0,0,0,0,1,0,0,0,0,0,0,0
161,North Korea,4,3,1,2,1,3,4,2,3,1,2,1,1,1,1,1,2,1,1,2,1,4,1,2,1,2,1,2,3,1,0,1,1,1,2,1,1,1,2,1,1,1,1,1,1,1,2,1,1,2,2,2,1,1,1,1,1,1,1,1,2,1,1,1,1,1,1,1,2,1,1,1,1,1,1,1,1,1,1,1,1,1,1,1,1,1,1
162,Antigua and Barbuda,2,1,0,0,0,1,0,1,1,0,2,0,0,1,2,0,1,1,1,1,1,0,1,1,0,0,0,0,0,0,0,0,0,1,0,0,0,1,0,0,0,0,0,2,0,0,0,0,0,1,0,1,2,0,0,0,0,1,1,1,1,0,0,1,1,0,0,0,0,0,1,0,0,0,0,0,1,0,0,0,0,0,0,0,1,0,0
163,Papua New Guinea,2,1,0,0,1,1,2,2,0,0,0,0,0,0,0,0,0,0,0,0,0,1,0,0,0,0,0,0,0,0,0,0,0,0,0,0,0,0,0,0,0,0,0,0,0,0,1,1,1,0,0,0,0,0,0,1,0,0,1,0,1,0,0,0,1,0,0,1,1,0,0,0,0,0,0,0,0,0,0,1,0,0,0,0,0,0,0
164,Palau,2,1,0,1,1,0,1,1,0,0,0,0,1,0,0,0,0,0,1,0,0,0,1,0,0,0,0,0,1,0,0,0,0,0,0,0,0,0,0,0,0,0,0,0,1,0,1,1,0,0,0,1,1,0,0,0,0,0,0,0,0,0,0,0,0,0,0,0,0,0,0,0,0,0,0,0,1,0,0,1,0,0,0,0,0,1,0
165,Guinea,5,2,0,1,2,2,3,2,2,1,0,0,0,0,0,0,0,0,0,1,0,1,0,0,0,1,0,1,0,0,0,0,0,0,0,0,0,0,0,0,0,1,0,0,3,3,1,2,4,0,0,2,3,2,0,0,1,0,0,0,0,1,0,0,2,1,0,1,0,0,1,3,0,0,0,0,0,0,0,1,1,0,1,1,0,0,1
166,Haiti,3,3,1,3,2,1,2,3,2,1,1,1,0,0,0,0,1,0,1,1,0,2,0,1,0,0,0,2,0,0,0,0,1,0,0,0,0,0,1,0,0,0,0,0,1,1,1,2,3,0,1,2,2,0,0,0,1,0,1,0,1,1,0,0,2,0,1,1,0,0,0,2,0,0,0,1,0,1,0,1,1,0,0,0,0,0,0
167,Gabon,2,2,0,0,0,1,0,2,0,0,0,0,0,0,0,0,0,0,0,0,0,1,0,0,0,0,0,1,0,0,0,0,0,0,0,0,0,0,0,0,0,0,0,0,0,1,0,1,1,0,0,0,1,0,0,0,0,0,0,0,0,0,0,0,2,0,0,0,0,0,0,0,0,0,0,0,0,0,0,0,0,0,0,1,0,0,0
168,Mauritania,2,2,0,0,1,0,1,2,0,0,0,0,0,0,0,0,0,0,0,0,0,0,0,0,0,0,0,0,0,0,0,0,0,0,0,0,0,0,0,0,0,0,0,0,0,1,1,1,0,0,0,1,2,0,0,0,0,0,0,0,0,0,0,0,1,0,0,0,0,0,0,1,0,0,0,0,0,0,0,0,0,0,0,0,0,0,0
169,San Marino,1,1,0,1,1,0,0,0,0,0,0,0,0,1,0,0,0,0,0,0,0,0,0,0,0,1,0,1,0,0,0,0,0,0,0,0,0,1,0,0,0,0,0,0,0,0,1,1,0,0,0,0,0,0,0,0,0,0,0,0,0,0,0,0,0,0,0,1,0,0,0,0,0,0,0,1,0,0,0,0,0,0,0,0,1,0,0
170,Guyana,6,4,2,1,4,0,3,5,2,0,1,0,0,0,0,0,0,0,0,1,0,1,0,2,0,0,0,4,1,0,0,0,2,0,0,0,0,0,0,0,0,0,0,0,0,2,1,2,3,1,2,2,2,0,0,0,0,0,0,0,1,0,0,0,1,0,0,2,0,0,0,0,0,0,0,0,0,0,1,0,1,0,0,2,0,0,0
171,Saint Lucia,3,2,1,0,2,0,1,3,1,0,1,0,0,0,0,0,0,0,0,0,0,0,0,0,1,0,0,1,0,0,0,0,0,0,0,0,0,0,0,0,0,0,1,0,0,1,0,3,3,1,0,3,2,0,0,0,0,0,0,0,0,1,0,0,0,0,0,2,0,0,0,2,0,0,0,0,0,0,0,0,0,0,0,1,0,0,1
172,Burkina Faso,1,1,0,0,1,0,1,1,0,0,0,0,0,0,0,0,0,0,0,0,0,1,0,0,0,0,0,1,0,0,0,0,0,0,0,0,0,0,0,0,0,0,0,0,0,1,0,1,1,0,0,1,1,0,0,0,0,0,0,0,0,0,0,0,0,0,0,1,0,0,0,0,0,0,1,0,0,0,0,0,0,0,0,0,0,0,0
173,Brunei Darussalam,1,1,0,1,1,1,1,1,0,0,0,0,1,0,0,0,0,0,1,0,0,0,0,0,0,0,0,0,0,0,0,0,0,0,0,0,0,0,0,0,0,0,0,0,1,0,0,0,1,0,0,1,1,0,0,0,0,0,0,0,0,0,0,1,0,0,0,0,0,0,0,0,0,0,0,0,0,0,1,1,0,0,0,0,0,0,0
174,Gambia,2,1,1,0,1,0,1,1,0,0,0,0,0,0,0,0,1,0,0,0,0,0,0,0,0,0,0,1,0,0,0,0,0,0,0,0,0,0,0,0,0,0,0,1,0,0,0,0,0,0,0,1,0,0,0,0,0,0,0,0,0,0,0,0,0,0,0,0,1,0,0,0,0,0,0,0,0,0,0,0,0,0,0,0,0,0,0
175,Monaco,1,1,1,0,0,0,0,1,1,0,0,0,0,0,0,0,0,0,0,0,0,0,0,0,0,0,0,0,0,0,0,0,0,0,0,0,0,0,0,0,0,0,0,0,0,0,0,0,1,0,0,0,0,0,0,0,0,0,0,0,0,0,0,0,0,0,0,0,0,0,0,0,0,0,0,0,0,0,0,1,0,0,0,0,0,0,0
176,Djibouti,1,0,0,1,0,0,0,0,1,0,0,0,0,0,0,0,0,0,0,0,0,0,0,0,0,0,0,0,0,0,0,0,0,0,0,0,0,0,1,0,0,0,0,0,0,0,1,0,0,0,0,0,0,1,0,0,0,0,0,0,0,1,0,0,1,0,0,0,0,0,0,1,0,0,0,0,0,0,0,0,0,0,0,0,0,0,0
177,Seychelles,1,0,0,1,1,0,0,0,0,0,0,0,0,0,0,0,0,0,0,0,0,0,0,0,0,0,0,0,0,0,0,0,0,0,0,0,0,0,0,0,0,0,0,0,0,0,1,1,0,0,0,0,0,0,0,0,0,0,0,0,0,1,0,0,0,0,0,0,0,0,0,0,0,0,0,0,0,0,0,0,0,0,0,0,0,0,0
178,Solomon Islands,1,1,0,0,1,0,1,1,1,0,0,0,0,0,0,0,0,0,0,0,0,0,0,0,0,0,0,0,0,0,0,0,0,0,0,0,0,0,0,0,0,0,0,0,0,0,0,1,1,0,0,1,1,0,0,0,0,0,1,0,0,0,0,0,1,0,0,0,0,0,0,0,0,0,0,0,0,0,0,0,0,0,0,0,0,0,0
179,Saint Kitts and Nevis,1,0,0,0,1,0,1,1,0,1,0,0,0,0,0,0,0,0,0,0,0,0,0,0,1,0,0,0,0,0,0,0,0,0,1,0,0,0,0,0,0,0,1,0,0,0,1,0,0,0,0,0,1,0,0,0,0,0,1,0,0,0,0,0,0,0,0,0,0,0,0,0,0,0,0,0,0,0,0,0,0,0,0,0,0,0,0
